project_id;Area;Floor;BR;Total_price;Sqm_price;date;;;;;;;;;;;;;;;;;
200001;121;9;3;2 479 000;20 488;;;;;;;;;;;;;;;;;;
200001;98;9;2;2 039 000;20 806;;;;;;;;;;;;;;;;;;
200001;98;10;2;1 899 000;19 378;;;;;;;;;;;;;;;;;;
200001;96;10;1;2 129 000;22 177;;;;;;;;;;;;;;;;;;
200001;121;10;3;2 519 000;20 818;;;;;;;;;;;;;;;;;;
200001;98;10;2;2 079 000;21 214;;;;;;;;;;;;;;;;;;
200001;98;11;2;1 929 000;19 684;;;;;;;;;;;;;;;;;;
200001;96;11;1;2 169 000;22 594;;;;;;;;;;;;;;;;;;
200001;121;11;3;2 303 100;19 034;;;;;;;;;;;;;;;;;;
200001;96;11;1;2 219 000;23 115;;;;;;;;;;;;;;;;;;
200001;98;11;2;2 119 000;21 622;;;;;;;;;;;;;;;;;;
200001;98;12;2;1 959 000;19 990;;;;;;;;;;;;;;;;;;
200001;96;12;1;2 209 000;23 010;;;;;;;;;;;;;;;;;;
200001;121;12;3;2 599 000;21 479;;;;;;;;;;;;;;;;;;
200001;98;12;2;2 159 000;22 031;;;;;;;;;;;;;;;;;;
200001;98;13;2;1 989 000;20 296;;;;;;;;;;;;;;;;;;
200001;96;13;1;2 249 000;23 427;;;;;;;;;;;;;;;;;;
200001;121;13;3;2 639 000;21 810;;;;;;;;;;;;;;;;;;
200001;98;13;2;2 199 000;22 439;;;;;;;;;;;;;;;;;;
200001;98;14;2;2 019 000;20 602;;;;;;;;;;;;;;;;;;
200001;96;14;1;2 289 000;23 844;;;;;;;;;;;;;;;;;;
200001;121;14;3;2 679 000;22 140;;;;;;;;;;;;;;;;;;
200001;96;14;1;2 339 000;24 365;;;;;;;;;;;;;;;;;;
200001;98;14;2;2 239 000;22 847;;;;;;;;;;;;;;;;;;
200001;98;15;2;2 049 000;20 908;;;;;;;;;;;;;;;;;;
200001;96;15;1;2 329 000;24 260;;;;;;;;;;;;;;;;;;
200001;121;15;3;2 719 000;22 471;;;;;;;;;;;;;;;;;;
200001;96;15;1;2 379 000;24 781;;;;;;;;;;;;;;;;;;
200001;98;15;2;2 279 000;23 255;;;;;;;;;;;;;;;;;;
200001;98;16;2;2 079 000;21 214;;;;;;;;;;;;;;;;;;
200001;96;16;1;2 369 000;24 677;;;;;;;;;;;;;;;;;;
200001;121;16;3;2 759 000;22 802;;;;;;;;;;;;;;;;;;
200001;96;16;1;2 419 000;25 198;;;;;;;;;;;;;;;;;;
200001;98;16;2;2 319 000;23 663;;;;;;;;;;;;;;;;;;
200001;98;17;2;2 099 000;21 418;;;;;;;;;;;;;;;;;;
200001;96;17;1;2 399 000;24 990;;;;;;;;;;;;;;;;;;
200001;121;17;3;2 799 000;23 132;;;;;;;;;;;;;;;;;;
200001;96;17;1;2 459 000;25 615;;;;;;;;;;;;;;;;;;
200001;98;17;2;2 359 000;24 071;;;;;;;;;;;;;;;;;;
200001;98;18;2;2 229 000;22 745;;;;;;;;;;;;;;;;;;
200001;96;18;1;2 449 000;25 510;;;;;;;;;;;;;;;;;;
200001;121;18;3;2 839 000;23 463;;;;;;;;;;;;;;;;;;
200001;96;18;1;2 499 000;26 031;;;;;;;;;;;;;;;;;;
200001;98;18;2;2 399 000;24 480;;;;;;;;;;;;;;;;;;
2500002;82;22;;1 640 000;20 034;;;;;;;;;;;;;;;;;;
2500002;116;15;;2 090 000;17 996;;;;;;;;;;;;;;;;;;
2500002;82;16;;1 520 000;18 568;;;;;;;;;;;;;;;;;;
2500002;104;16;;1 805 000;17 362;;;;;;;;;;;;;;;;;;
2500002;116;16;;2 110 000;18 168;;;;;;;;;;;;;;;;;;
2500002;82;18;;1 560 000;19 057;;;;;;;;;;;;;;;;;;
2500002;104;18;;1 845 000;17 747;;;;;;;;;;;;;;;;;;
2500002;120;18;;2 275 000;18 914;;;;;;;;;;;;;;;;;;
2500002;116;18;;2 150 000;18 512;;;;;;;;;;;;;;;;;;
2500002;82;15;;1 500 000;18 324;;;;;;;;;;;;;;;;;;
2500002;104;22;;1 925 000;18 517;;;;;;;;;;;;;;;;;;
2500002;120;22;;2 355 000;19 579;;;;;;;;;;;;;;;;;;
2500002;116;22;;2 230 000;19 201;;;;;;;;;;;;;;;;;;
2500002;104;22;;1 945 000;18 709;;;;;;;;;;;;;;;;;;
2500002;120;23;;2 375 000;19 746;;;;;;;;;;;;;;;;;;
2500002;116;23;;2 250 000;19 373;;;;;;;;;;;;;;;;;;
2500002;82;23;;1 720 000;21 011;;;;;;;;;;;;;;;;;;
2500002;116;26;;2 309 999;19 890;;;;;;;;;;;;;;;;;;
2500002;104;8;;1 645 000;15 823;;;;;;;;;;;;;;;;;;
2500002;116;4;;1 870 000;16 101;;;;;;;;;;;;;;;;;;
2500002;104;5;;1 585 000;15 246;;;;;;;;;;;;;;;;;;
2500002;120;5;;2 015 000;16 753;;;;;;;;;;;;;;;;;;
2500002;116;5;;1 890 000;16 273;;;;;;;;;;;;;;;;;;
2500002;82;6;;1 320 000;16 125;;;;;;;;;;;;;;;;;;
2500002;120;6;;2 035 000;16 919;;;;;;;;;;;;;;;;;;
2500002;116;6;;1 910 000;16 446;;;;;;;;;;;;;;;;;;
2500002;82;8;;1 360 000;16 614;;;;;;;;;;;;;;;;;;
2500002;120;4;;1 995 000;16 586;;;;;;;;;;;;;;;;;;
2500002;104;9;;1 665 000;16 016;;;;;;;;;;;;;;;;;;
2500002;120;9;;2 095 000;17 418;;;;;;;;;;;;;;;;;;
2500002;116;9;;1 969 998;16 962;;;;;;;;;;;;;;;;;;
2500002;104;11;;1 705 000;16 401;;;;;;;;;;;;;;;;;;
2500002;116;11;;2 010 000;17 307;;;;;;;;;;;;;;;;;;
2500002;120;12;;2 155 000;17 917;;;;;;;;;;;;;;;;;;
2500002;116;12;;2 030 000;17 479;;;;;;;;;;;;;;;;;;
2500003;88;3;;1 933 000;21 901;;;;;;;;;;;;;;;;;;
2500003;81;3;;1 842 000;22 865;;;;;;;;;;;;;;;;;;
2500003;81;3;;1 842 000;22 865;;;;;;;;;;;;;;;;;;
2500003;88;3;;1 918 000;21 882;;;;;;;;;;;;;;;;;;
2500003;88;3;;1 739 000;19 690;;;;;;;;;;;;;;;;;;
2500003;84;3;;1 678 000;20 012;;;;;;;;;;;;;;;;;;
2500003;88;3;;1 725 000;19 667;;;;;;;;;;;;;;;;;;
2500003;81;4;;1 856 000;23 039;;;;;;;;;;;;;;;;;;
2500003;81;4;;1 856 000;23 042;;;;;;;;;;;;;;;;;;
2500003;73;4;;1 739 000;23 682;;;;;;;;;;;;;;;;;;
2500003;88;4;;1 753 000;19 848;;;;;;;;;;;;;;;;;;
2500003;84;4;;1 693 000;20 191;;;;;;;;;;;;;;;;;;
2500003;82;4;;1 674 000;20 387;;;;;;;;;;;;;;;;;;
2500003;88;5;;1 767 000;20 007;;;;;;;;;;;;;;;;;;
2500003;84;5;;1 707 000;20 358;;;;;;;;;;;;;;;;;;
2500003;82;5;;1 688 000;20 558;;;;;;;;;;;;;;;;;;
2500003;88;5;;1 754 000;19 998;;;;;;;;;;;;;;;;;;
2500003;88;6;;1 782 000;20 177;;;;;;;;;;;;;;;;;;
2500003;84;6;;1 722 000;20 537;;;;;;;;;;;;;;;;;;
2500003;82;6;;1 702 000;20 728;;;;;;;;;;;;;;;;;;
2500003;88;6;;1 768 000;20 157;;;;;;;;;;;;;;;;;;
2500003;88;7;;1 991 000;22 558;;;;;;;;;;;;;;;;;;
2500003;73;7;;1 782 000;24 268;;;;;;;;;;;;;;;;;;
2500003;81;7;;1 899 000;23 572;;;;;;;;;;;;;;;;;;
2500003;81;7;;1 899 000;23 575;;;;;;;;;;;;;;;;;;
2500003;88;7;;1 796 000;20 335;;;;;;;;;;;;;;;;;;
2500003;84;7;;1 737 000;20 716;;;;;;;;;;;;;;;;;;
2500003;82;7;;1 717 000;20 911;;;;;;;;;;;;;;;;;;
2500003;88;7;;1 880 000;21 434;;;;;;;;;;;;;;;;;;
2500003;88;10;;2 019 000;22 876;;;;;;;;;;;;;;;;;;
2500003;81;10;;1 929 000;23 945;;;;;;;;;;;;;;;;;;
2500003;81;10;;1 933 000;23 938;;;;;;;;;;;;;;;;;;
2500003;168;10;;3 295 000;19 669;;;;;;;;;;;;;;;;;;
2500003;84;10;;1 765 000;21 049;;;;;;;;;;;;;;;;;;
2500003;176;10;;3 034 000;17 219;;;;;;;;;;;;;;;;;;
2500003;81;11;;1 943 000;24 119;;;;;;;;;;;;;;;;;;
2500003;81;11;;1 948 000;24 124;;;;;;;;;;;;;;;;;;
2500003;90;11;;2 181 000;24 131;;;;;;;;;;;;;;;;;;
2500003;84;11;;1 780 000;21 228;;;;;;;;;;;;;;;;;;
2500003;99;11;;2 090 000;21 098;;;;;;;;;;;;;;;;;;
2500003;88;12;;2 049 000;23 215;;;;;;;;;;;;;;;;;;
2500003;90;12;;2 195 000;24 286;;;;;;;;;;;;;;;;;;
2500003;84;12;;1 794 000;21 395;;;;;;;;;;;;;;;;;;
2500003;99;12;;2 104 000;21 240;;;;;;;;;;;;;;;;;;
2500003;81;13;;2 063 000;25 608;;;;;;;;;;;;;;;;;;
2500003;81;13;;1 972 000;24 479;;;;;;;;;;;;;;;;;;
2500003;284;13;;5 065 000;17 850;;;;;;;;;;;;;;;;;;
2500003;88;13;;1 868 000;21 150;;;;;;;;;;;;;;;;;;
2500003;84;13;;1 808 000;21 562;;;;;;;;;;;;;;;;;;
2500003;81;14;;1 986 000;24 652;;;;;;;;;;;;;;;;;;
2500003;88;14;;1 883 000;21 320;;;;;;;;;;;;;;;;;;
2500003;84;14;;1 824 000;21 753;;;;;;;;;;;;;;;;;;
2500003;168;17;;3 202 000;19 047;;;;;;;;;;;;;;;;;;
2500003;81;17;;2 019 000;25 003;;;;;;;;;;;;;;;;;;
2500003;179;17;;2 953 000;16 520;;;;;;;;;;;;;;;;;;
2500003;90;20;;2 303 000;25 510;;;;;;;;;;;;;;;;;;
2500003;81;20;;2 166 000;26 824;;;;;;;;;;;;;;;;;;
2500003;101;20;;2 224 000;22 055;;;;;;;;;;;;;;;;;;
2500003;101;21;;2 356 000;23 364;;;;;;;;;;;;;;;;;;
2500003;90;23;;2 455 000;27 193;;;;;;;;;;;;;;;;;;
2500003;101;23;;2 386 000;23 661;;;;;;;;;;;;;;;;;;
2500003;90;24;;2 469 000;27 348;;;;;;;;;;;;;;;;;;
2500003;101;24;;2 401 000;23 810;;;;;;;;;;;;;;;;;;
2500003;90;27;;2 575 000;28 522;;;;;;;;;;;;;;;;;;
2500003;81;27;;2 328 000;28 830;;;;;;;;;;;;;;;;;;
2500001;194;0;;3 563 000;18 366;;;;;;;;;;;;;;;;;;
2500001;194;0;;3 563 000;18 366;;;;;;;;;;;;;;;;;;
2500001;91;9;;1 919 000;21 088;;;;;;;;;;;;;;;;;;
2500001;116;9;;2 275 000;19 612;;;;;;;;;;;;;;;;;;
2500001;91;9;;2 012 000;22 110;;;;;;;;;;;;;;;;;;
2500001;87;9;;1 871 000;21 506;;;;;;;;;;;;;;;;;;
2500001;85;9;;1 651 000;19 424;;;;;;;;;;;;;;;;;;
2500001;91;8;;1 910 000;20 989;;;;;;;;;;;;;;;;;;
2500001;116;8;;2 264 000;19 517;;;;;;;;;;;;;;;;;;
2500001;91;8;;2 002 000;22 000;;;;;;;;;;;;;;;;;;
2500001;87;8;;1 862 000;21 402;;;;;;;;;;;;;;;;;;
2500001;85;8;;1 644 000;19 341;;;;;;;;;;;;;;;;;;
2500001;91;7;;1 901 000;20 890;;;;;;;;;;;;;;;;;;
2500001;116;7;;2 254 000;19 431;;;;;;;;;;;;;;;;;;
2500001;91;7;;1 993 000;21 901;;;;;;;;;;;;;;;;;;
2500001;87;7;;1 853 000;21 299;;;;;;;;;;;;;;;;;;
2500001;85;7;;1 637 000;19 259;;;;;;;;;;;;;;;;;;
2500001;91;6;;1 892 000;20 791;;;;;;;;;;;;;;;;;;
2500001;116;6;;2 243 000;19 336;;;;;;;;;;;;;;;;;;
2500001;91;6;;1 984 000;21 802;;;;;;;;;;;;;;;;;;
2500001;87;6;;1 844 000;21 195;;;;;;;;;;;;;;;;;;
2500001;85;6;;1 630 000;19 176;;;;;;;;;;;;;;;;;;
2500001;91;5;;1 882 000;20 681;;;;;;;;;;;;;;;;;;
2500001;116;5;;2 233 000;19 250;;;;;;;;;;;;;;;;;;
2500001;91;5;;1 975 000;21 703;;;;;;;;;;;;;;;;;;
2500001;87;5;;1 836 000;21 103;;;;;;;;;;;;;;;;;;
2500001;85;5;;1 622 000;19 082;;;;;;;;;;;;;;;;;;
2500001;85;4;;1 615 000;19 000;;;;;;;;;;;;;;;;;;
2500001;87;4;;1 827 000;21 000;;;;;;;;;;;;;;;;;;
2500001;91;4;;2 012 000;22 110;;;;;;;;;;;;;;;;;;
2500001;116;4;;2 170 000;18 707;;;;;;;;;;;;;;;;;;
2500001;91;4;;1 873 000;20 582;;;;;;;;;;;;;;;;;;
2500001;85;3;;1 608 000;18 918;;;;;;;;;;;;;;;;;;
2500001;87;3;;1 818 000;20 897;;;;;;;;;;;;;;;;;;
2500001;91;3;;2 002 000;22 000;;;;;;;;;;;;;;;;;;
2500001;116;3;;2 159 000;18 612;;;;;;;;;;;;;;;;;;
2500001;91;3;;1 864 000;20 484;;;;;;;;;;;;;;;;;;
2500001;249;27;;2 854 000;11 462;;;;;;;;;;;;;;;;;;
2500001;218;27;;2 682 000;12 303;;;;;;;;;;;;;;;;;;
2500001;117;26;;2 270 000;19 402;;;;;;;;;;;;;;;;;;
2500001;134;26;;2 998 000;22 373;;;;;;;;;;;;;;;;;;
2500001;132;26;;2 616 000;19 818;;;;;;;;;;;;;;;;;;
2500001;91;26;;2 067 000;22 714;;;;;;;;;;;;;;;;;;
2500001;117;25;;2 259 000;19 308;;;;;;;;;;;;;;;;;;
2500001;134;25;;2 984 000;22 269;;;;;;;;;;;;;;;;;;
2500001;132;25;;2 603 000;19 720;;;;;;;;;;;;;;;;;;
2500001;91;25;;2 058 000;22 615;;;;;;;;;;;;;;;;;;
2500001;117;24;;2 249 000;19 222;;;;;;;;;;;;;;;;;;
2500001;134;24;;2 970 000;22 164;;;;;;;;;;;;;;;;;;
2500001;132;24;;2 591 000;19 629;;;;;;;;;;;;;;;;;;
2500001;91;24;;2 048 000;22 505;;;;;;;;;;;;;;;;;;
2500001;117;23;;2 239 000;19 137;;;;;;;;;;;;;;;;;;
2500001;134;23;;2 956 000;22 060;;;;;;;;;;;;;;;;;;
2500001;132;23;;2 579 000;19 538;;;;;;;;;;;;;;;;;;
2500001;91;23;;2 039 000;22 407;;;;;;;;;;;;;;;;;;
2500001;117;22;;2 228 000;19 043;;;;;;;;;;;;;;;;;;
2500001;134;22;;2 943 000;21 963;;;;;;;;;;;;;;;;;;
2500001;132;22;;2 567 000;19 447;;;;;;;;;;;;;;;;;;
2500001;91;22;;2 030 000;22 308;;;;;;;;;;;;;;;;;;
2500001;117;21;;2 218 000;18 957;;;;;;;;;;;;;;;;;;
2500001;134;21;;2 929 000;21 858;;;;;;;;;;;;;;;;;;
2500001;132;21;;2 552 000;19 333;;;;;;;;;;;;;;;;;;
2500001;91;21;;2 021 000;22 209;;;;;;;;;;;;;;;;;;
2500001;85;2;;1 600 000;18 824;;;;;;;;;;;;;;;;;;
2500001;87;2;;1 809 000;20 793;;;;;;;;;;;;;;;;;;
2500001;91;2;;1 993 000;21 901;;;;;;;;;;;;;;;;;;
2500001;116;2;;2 149 000;18 526;;;;;;;;;;;;;;;;;;
2500001;91;2;;1 855 000;20 385;;;;;;;;;;;;;;;;;;
2500001;91;20;;2 012 000;22 110;;;;;;;;;;;;;;;;;;
2500001;132;20;;2 601 000;19 705;;;;;;;;;;;;;;;;;;
2500001;134;20;;2 847 000;21 246;;;;;;;;;;;;;;;;;;
2500001;117;20;;2 207 000;18 863;;;;;;;;;;;;;;;;;;
2500001;91;19;;2 002 000;22 000;;;;;;;;;;;;;;;;;;
2500001;132;19;;2 589 000;19 614;;;;;;;;;;;;;;;;;;
2500001;134;19;;2 833 000;21 142;;;;;;;;;;;;;;;;;;
2500001;117;19;;2 179 000;18 624;;;;;;;;;;;;;;;;;;
2500001;91;18;;1 993 000;21 901;;;;;;;;;;;;;;;;;;
2500001;132;18;;2 577 000;19 523;;;;;;;;;;;;;;;;;;
2500001;134;18;;2 820 000;21 045;;;;;;;;;;;;;;;;;;
2500001;117;18;;2 187 000;18 692;;;;;;;;;;;;;;;;;;
2500001;91;17;;1 984 000;21 802;;;;;;;;;;;;;;;;;;
2500001;132;17;;2 565 000;19 432;;;;;;;;;;;;;;;;;;
2500001;134;17;;2 806 000;20 940;;;;;;;;;;;;;;;;;;
2500001;117;17;;2 176 000;18 598;;;;;;;;;;;;;;;;;;
2500001;91;16;;1 975 000;21 703;;;;;;;;;;;;;;;;;;
2500001;132;16;;2 552 000;19 333;;;;;;;;;;;;;;;;;;
2500001;134;16;;2 792 000;20 836;;;;;;;;;;;;;;;;;;
2500001;117;16;;2 166 000;18 513;;;;;;;;;;;;;;;;;;
2500001;91;15;;2 155 000;23 681;;;;;;;;;;;;;;;;;;
2500001;134;15;;2 847 000;21 246;;;;;;;;;;;;;;;;;;
2500001;132;15;;2 481 000;18 795;;;;;;;;;;;;;;;;;;
2500001;91;15;;1 965 000;21 593;;;;;;;;;;;;;;;;;;
2500001;117;14;;2 145 000;18 333;;;;;;;;;;;;;;;;;;
2500001;134;14;;2 833 000;21 142;;;;;;;;;;;;;;;;;;
2500001;132;14;;2 469 000;18 705;;;;;;;;;;;;;;;;;;
2500001;91;14;;1 956 000;21 495;;;;;;;;;;;;;;;;;;
2500001;85;12;;1 673 000;19 682;;;;;;;;;;;;;;;;;;
2500001;87;12;;1 897 000;21 805;;;;;;;;;;;;;;;;;;
2500001;91;12;;2 085 000;22 912;;;;;;;;;;;;;;;;;;
2500001;116;12;;2 254 000;19 431;;;;;;;;;;;;;;;;;;
2500001;91;12;;1 947 000;21 396;;;;;;;;;;;;;;;;;;
2500001;85;11;;1 666 000;19 600;;;;;;;;;;;;;;;;;;
2500001;87;11;;1 888 000;21 701;;;;;;;;;;;;;;;;;;
2500001;91;11;;2 076 000;22 813;;;;;;;;;;;;;;;;;;
2500001;116;11;;2 243 000;19 336;;;;;;;;;;;;;;;;;;
2500001;91;11;;1 938 000;21 297;;;;;;;;;;;;;;;;;;
2500001;85;10;;1 659 000;19 518;;;;;;;;;;;;;;;;;;
2500001;87;10;;1 879 000;21 598;;;;;;;;;;;;;;;;;;
2500001;91;10;;2 067 000;22 714;;;;;;;;;;;;;;;;;;
2500001;116;10;;2 233 000;19 250;;;;;;;;;;;;;;;;;;
2500001;91;10;;1 929 000;21 198;;;;;;;;;;;;;;;;;;
4000001;190;;;2 897 026;15 244;;;;;;;;;;;;;;;;;;
4000001;190;;;2 897 026;15 244;;;;;;;;;;;;;;;;;;
4000001;190;;;2 923 994;15 386;;;;;;;;;;;;;;;;;;
4000001;190;;;2 923 994;15 386;;;;;;;;;;;;;;;;;;
4000001;190;;;2 950 965;15 528;;;;;;;;;;;;;;;;;;
4000001;190;;;2 950 965;15 528;;;;;;;;;;;;;;;;;;
4000001;190;;;2 977 933;15 670;;;;;;;;;;;;;;;;;;
4000001;190;;;2 977 933;15 670;;;;;;;;;;;;;;;;;;
4000001;190;;;3 004 901;15 812;;;;;;;;;;;;;;;;;;
4000001;190;;;3 004 901;15 812;;;;;;;;;;;;;;;;;;
4000001;190;;;3 031 869;15 954;;;;;;;;;;;;;;;;;;
4000001;190;;;3 031 869;15 954;;;;;;;;;;;;;;;;;;
4000001;190;;;3 058 837;16 096;;;;;;;;;;;;;;;;;;
4000001;190;;;3 058 837;16 096;;;;;;;;;;;;;;;;;;
4000001;190;;;3 085 805;16 238;;;;;;;;;;;;;;;;;;
4000001;190;;;3 085 805;16 238;;;;;;;;;;;;;;;;;;
4000001;190;;;3 112 777;16 380;;;;;;;;;;;;;;;;;;
4000001;190;;;3 112 777;16 380;;;;;;;;;;;;;;;;;;
4000001;190;;;3 139 746;16 522;;;;;;;;;;;;;;;;;;
4000001;190;;;3 139 746;16 522;;;;;;;;;;;;;;;;;;
4000001;315;;;4 612 218;14 640;;;;;;;;;;;;;;;;;;
4000001;315;;;4 666 155;14 811;;;;;;;;;;;;;;;;;;
4000001;315;;;4 720 093;14 983;;;;;;;;;;;;;;;;;;
4000001;315;;;4 774 021;15 154;;;;;;;;;;;;;;;;;;
4000001;315;;;4 827 968;15 325;;;;;;;;;;;;;;;;;;
4000001;315;;;4 881 905;15 496;;;;;;;;;;;;;;;;;;
4000001;315;;;4 935 843;15 667;;;;;;;;;;;;;;;;;;
4000001;315;;;4 989 780;15 839;;;;;;;;;;;;;;;;;;
4000001;315;;;5 043 718;16 010;;;;;;;;;;;;;;;;;;
4000001;315;;;5 097 655;16 181;;;;;;;;;;;;;;;;;;
4000001;340;;;6 269 301;18 466;;;;;;;;;;;;;;;;;;
4000001;340;;;6 269 301;18 466;;;;;;;;;;;;;;;;;;
4700001;69;;1;1 450 000;21 014;;;;;;;;;;;;;;;;;;
4700001;144;;3;2 200 000;15 278;;;;;;;;;;;;;;;;;;
4700001;117;;2;1 890 000;16 154;;;;;;;;;;;;;;;;;;
4700001;147;;2;1 925 000;13 095;;;;;;;;;;;;;;;;;;
4700001;94;;1;1 500 000;15 957;;;;;;;;;;;;;;;;;;
4700001;172;;3;2 280 000;13 256;;;;;;;;;;;;;;;;;;
4700001;147;;2;1 960 000;13 333;;;;;;;;;;;;;;;;;;
4700001;94;;1;1 525 000;16 223;;;;;;;;;;;;;;;;;;
4700001;172;;3;2 365 000;13 750;;;;;;;;;;;;;;;;;;
4700001;147;;2;2 035 000;13 844;;;;;;;;;;;;;;;;;;
4700001;172;;3;2 410 000;14 012;;;;;;;;;;;;;;;;;;
4700001;147;;2;2 075 000;14 116;;;;;;;;;;;;;;;;;;
4700001;147;;2;2 115 000;14 388;;;;;;;;;;;;;;;;;;
4700001;147;;2;2 155 000;14 660;;;;;;;;;;;;;;;;;;
4700001;172;;3;2 550 000;14 826;;;;;;;;;;;;;;;;;;
4700001;94;;1;1 750 000;18 617;;;;;;;;;;;;;;;;;;
4700001;172;;3;2 650 000;15 407;;;;;;;;;;;;;;;;;;
4700001;147;;2;2 290 000;15 578;;;;;;;;;;;;;;;;;;
4700001;94;;1;1 790 000;19 043;;;;;;;;;;;;;;;;;;
4700001;172;;3;2 705 000;15 727;;;;;;;;;;;;;;;;;;
4700001;147;;2;2 340 000;15 918;;;;;;;;;;;;;;;;;;
4700001;172;;3;2 760 000;16 047;;;;;;;;;;;;;;;;;;
4700001;147;;2;2 390 000;16 259;;;;;;;;;;;;;;;;;;
4700001;172;;3;2 815 000;16 366;;;;;;;;;;;;;;;;;;
4700001;147;;2;2 440 000;16 599;;;;;;;;;;;;;;;;;;
4700001;69;;1;1 910 000;27 681;;;;;;;;;;;;;;;;;;
4700001;172;;3;2 870 000;16 686;;;;;;;;;;;;;;;;;;
4700001;147;;2;2 490 000;16 939;;;;;;;;;;;;;;;;;;
4700001;334;;4;3 884 000;11 629;;;;;;;;;;;;;;;;;;
4700001;158;;4;3 147 000;19 918;;;;;;;;;;;;;;;;;;
4700001;240;;4;3 368 000;14 033;;;;;;;;;;;;;;;;;;
4700001;418;;3;5 622 000;13 450;;;;;;;;;;;;;;;;;;
4500001;133;;2;2 328 100;17 491;;;;;;;;;;;;;;;;;;
4500001;133;;2;2 391 600;17 968;;;;;;;;;;;;;;;;;;
4500001;133;;2;2 391 600;17 968;;;;;;;;;;;;;;;;;;
4500001;133;;2;2 455 100;18 446;;;;;;;;;;;;;;;;;;
4500001;133;;2;2 455 100;18 446;;;;;;;;;;;;;;;;;;
4500001;133;;2;2 486 800;18 684;;;;;;;;;;;;;;;;;;
4500001;133;;2;2 518 600;18 923;;;;;;;;;;;;;;;;;;
4500001;133;;2;2 518 600;18 923;;;;;;;;;;;;;;;;;;
4500001;133;;2;2 550 300;19 161;;;;;;;;;;;;;;;;;;
4500001;133;;2;2 550 300;19 161;;;;;;;;;;;;;;;;;;
4500001;133;;2;2 582 100;19 400;;;;;;;;;;;;;;;;;;
4500001;133;;2;2 613 800;19 638;;;;;;;;;;;;;;;;;;
4500001;133;;2;2 645 600;19 877;;;;;;;;;;;;;;;;;;
4500001;133;;2;2 709 000;20 353;;;;;;;;;;;;;;;;;;
4500001;133;;2;2 709 000;20 353;;;;;;;;;;;;;;;;;;
4500001;133;;2;2 740 800;20 592;;;;;;;;;;;;;;;;;;
4500001;133;;2;2 772 500;20 830;;;;;;;;;;;;;;;;;;
4500001;133;;2;2 772 500;20 830;;;;;;;;;;;;;;;;;;
4500001;133;;2;2 804 300;21 069;;;;;;;;;;;;;;;;;;
4500001;133;;2;2 804 300;21 069;;;;;;;;;;;;;;;;;;
4500001;133;;2;2 836 000;21 307;;;;;;;;;;;;;;;;;;
4500001;133;;2;2 867 800;21 546;;;;;;;;;;;;;;;;;;
4300001;71;;1;830 000;11 690;;;;;;;;;;;;;;;;;;
4300001;71;;1;934 000;13 155;;;;;;;;;;;;;;;;;;
4300001;71;;1;1 034 000;14 563;;;;;;;;;;;;;;;;;;
4300001;72;18;1;994 000;13 756;;;;;;;;;;;;;;;;;;
4300001;72;22;1;1 034 000;14 309;;;;;;;;;;;;;;;;;;
4300001;72;22;1;1 034 000;14 309;;;;;;;;;;;;;;;;;;
4300001;115;22;2;1 430 000;12 407;;;;;;;;;;;;;;;;;;
4300001;146;22;2;1 650 000;11 280;;;;;;;;;;;;;;;;;;
4300001;146;22;2;1 702 000;11 635;;;;;;;;;;;;;;;;;;
4300001;115;22;2;1 486 000;12 893;;;;;;;;;;;;;;;;;;
4300001;72;22;1;1 076 000;14 891;;;;;;;;;;;;;;;;;;
4300001;72;22;1;1 076 000;14 891;;;;;;;;;;;;;;;;;;
4300001;115;22;2;1 486 000;12 893;;;;;;;;;;;;;;;;;;
4300001;72;20;1;1 056 000;14 614;;;;;;;;;;;;;;;;;;
4300001;146;18;2;1 630 000;11 143;;;;;;;;;;;;;;;;;;
4300001;115;18;2;1 390 000;12 060;;;;;;;;;;;;;;;;;;
4300001;146;22;2;1 670 000;11 416;;;;;;;;;;;;;;;;;;
4300001;115;18;2;1 390 000;12 060;;;;;;;;;;;;;;;;;;
4300001;146;18;2;1 610 000;11 006;;;;;;;;;;;;;;;;;;
4300001;146;18;2;1 662 000;11 362;;;;;;;;;;;;;;;;;;
4300001;115;18;2;1 446 000;12 546;;;;;;;;;;;;;;;;;;
4300001;72;18;1;1 036 000;14 337;;;;;;;;;;;;;;;;;;
4300001;72;18;1;1 036 000;14 337;;;;;;;;;;;;;;;;;;
4300001;115;18;2;1 446 000;12 546;;;;;;;;;;;;;;;;;;
4300001;146;18;2;1 636 000;11 184;;;;;;;;;;;;;;;;;;
4300001;72;17;1;1 026 000;14 199;;;;;;;;;;;;;;;;;;
4300001;153;15;2;1 600 000;10 459;;;;;;;;;;;;;;;;;;
4300001;109;15;2;1 360 000;12 529;;;;;;;;;;;;;;;;;;
4300001;72;15;1;964 000;13 341;;;;;;;;;;;;;;;;;;
4300001;165;26;3;1 910 000;11 580;;;;;;;;;;;;;;;;;;
4300001;145;21;2;1 746 000;12 029;;;;;;;;;;;;;;;;;;
4300001;155;2;2;1 476 000;9 521;;;;;;;;;;;;;;;;;;
4300001;248;30;3;3 342 000;13 456;;;;;;;;;;;;;;;;;;
4300001;230;30;3;3 102 000;13 491;;;;;;;;;;;;;;;;;;
4300001;248;30;3;3 342 000;13 456;;;;;;;;;;;;;;;;;;
4300001;355;30;3;3 882 000;10 949;;;;;;;;;;;;;;;;;;
4300001;117;29;2;1 494 000;12 793;;;;;;;;;;;;;;;;;;
4300001;70;29;1;1 112 000;15 904;;;;;;;;;;;;;;;;;;
4300001;165;29;3;2 038 000;12 356;;;;;;;;;;;;;;;;;;
4300001;117;28;2;1 516 000;12 982;;;;;;;;;;;;;;;;;;
4300001;70;28;1;1 126 000;16 104;;;;;;;;;;;;;;;;;;
4300001;117;28;2;1 516 000;12 982;;;;;;;;;;;;;;;;;;
4300001;109;15;2;1 360 000;12 529;;;;;;;;;;;;;;;;;;
4300001;165;26;3;1 886 000;11 434;;;;;;;;;;;;;;;;;;
4300001;165;26;3;1 948 000;11 810;;;;;;;;;;;;;;;;;;
4300001;165;26;3;1 916 000;11 616;;;;;;;;;;;;;;;;;;
4300001;153;25;2;1 700 000;11 111;;;;;;;;;;;;;;;;;;
4300001;109;25;2;1 460 000;13 429;;;;;;;;;;;;;;;;;;
4300001;72;25;1;1 064 000;14 725;;;;;;;;;;;;;;;;;;
4300001;72;25;1;1 064 000;14 725;;;;;;;;;;;;;;;;;;
4300001;109;25;2;1 460 000;13 429;;;;;;;;;;;;;;;;;;
4300001;153;25;2;1 680 000;10 980;;;;;;;;;;;;;;;;;;
4300001;72;25;1;1 106 000;15 306;;;;;;;;;;;;;;;;;;
4300001;109;25;2;1 516 000;13 944;;;;;;;;;;;;;;;;;;
4300001;153;25;2;1 706 000;11 150;;;;;;;;;;;;;;;;;;
4300001;145;5;2;1 532 000;10 555;;;;;;;;;;;;;;;;;;
4300001;150;8;2;1 510 000;10 039;;;;;;;;;;;;;;;;;;
4300001;150;8;2;1 562 000;10 384;;;;;;;;;;;;;;;;;;
4300001;111;8;2;1 346 000;12 145;;;;;;;;;;;;;;;;;;
4300001;72;8;1;936 000;12 953;;;;;;;;;;;;;;;;;;
4300001;72;8;1;936 000;12 953;;;;;;;;;;;;;;;;;;
4300001;111;8;2;1 346 000;12 145;;;;;;;;;;;;;;;;;;
4300001;150;8;2;1 536 000;10 211;;;;;;;;;;;;;;;;;;
4300001;145;5;2;1 500 000;10 335;;;;;;;;;;;;;;;;;;
4300001;113;5;2;1 260 000;11 132;;;;;;;;;;;;;;;;;;
4300001;72;5;1;864 000;11 957;;;;;;;;;;;;;;;;;;
4300001;113;5;2;1 260 000;11 132;;;;;;;;;;;;;;;;;;
4300001;145;5;2;1 480 000;10 197;;;;;;;;;;;;;;;;;;
4300001;111;5;2;1 290 000;11 639;;;;;;;;;;;;;;;;;;
4300001;113;5;2;1 316 000;11 626;;;;;;;;;;;;;;;;;;
4300001;72;5;1;906 000;12 538;;;;;;;;;;;;;;;;;;
4300001;113;5;2;1 316 000;11 626;;;;;;;;;;;;;;;;;;
4300001;145;5;2;1 506 000;10 376;;;;;;;;;;;;;;;;;;
4300001;146;2;2;1 470 000;10 103;;;;;;;;;;;;;;;;;;
4300001;113;2;2;1 230 000;10 905;;;;;;;;;;;;;;;;;;
4300001;72;2;1;834 000;11 542;;;;;;;;;;;;;;;;;;
4300001;113;2;2;1 230 000;10 905;;;;;;;;;;;;;;;;;;
4300001;146;2;2;1 450 000;9 966;;;;;;;;;;;;;;;;;;
4300001;146;2;2;1 502 000;10 323;;;;;;;;;;;;;;;;;;
4300001;113;2;2;1 286 000;11 402;;;;;;;;;;;;;;;;;;
4300001;72;2;1;876 000;12 123;;;;;;;;;;;;;;;;;;
4300001;72;2;1;934 000;12 926;;;;;;;;;;;;;;;;;;
4300001;153;15;2;1 580 000;10 328;;;;;;;;;;;;;;;;;;
4300001;153;15;2;1 632 000;10 668;;;;;;;;;;;;;;;;;;
4300001;109;15;2;1 416 000;13 045;;;;;;;;;;;;;;;;;;
4300001;72;15;1;1 006 000;13 922;;;;;;;;;;;;;;;;;;
4300001;72;15;1;1 006 000;13 922;;;;;;;;;;;;;;;;;;
4300001;109;15;2;1 416 000;13 045;;;;;;;;;;;;;;;;;;
4300001;153;15;2;1 606 000;10 498;;;;;;;;;;;;;;;;;;
4300001;72;14;1;996 000;13 784;;;;;;;;;;;;;;;;;;
4300001;72;14;1;996 000;13 784;;;;;;;;;;;;;;;;;;
4300001;72;13;1;986 000;13 645;;;;;;;;;;;;;;;;;;
4300001;148;12;2;1 570 000;10 601;;;;;;;;;;;;;;;;;;
4300001;113;12;2;1 330 000;11 750;;;;;;;;;;;;;;;;;;
4300001;125;2;2;1 286 000;10 276;;;;;;;;;;;;;;;;;;
4300001;72;12;1;934 000;12 926;;;;;;;;;;;;;;;;;;
4300001;148;12;2;1 550 000;10 466;;;;;;;;;;;;;;;;;;
4300001;148;12;2;1 602 000;10 817;;;;;;;;;;;;;;;;;;
4300001;113;12;2;1 386 000;12 245;;;;;;;;;;;;;;;;;;
4300001;72;12;1;976 000;13 507;;;;;;;;;;;;;;;;;;
4300001;72;12;1;976 000;13 507;;;;;;;;;;;;;;;;;;
4300001;113;12;2;1 386 000;12 245;;;;;;;;;;;;;;;;;;
4300001;72;10;1;956 000;13 230;;;;;;;;;;;;;;;;;;
4300001;72;10;1;956 000;13 230;;;;;;;;;;;;;;;;;;
4300001;150;8;2;1 530 000;10 172;;;;;;;;;;;;;;;;;;
4300001;111;8;2;1 290 000;11 639;;;;;;;;;;;;;;;;;;
4900001;59;12;1;1 736 333;29 605;;;;;;;;;;;;;;;;;;
4900001;83;4;1;2 385 971;28 830;;;;;;;;;;;;;;;;;;
4900001;131;3;2;3 388 088;25 885;;;;;;;;;;;;;;;;;;
4900001;59;1;1;2 045 419;34 875;;;;;;;;;;;;;;;;;;
4900001;59;24;1;2 027 237;34 565;;;;;;;;;;;;;;;;;;
4900001;136;22;2;4 097 500;30 109;;;;;;;;;;;;;;;;;;
4900001;86;21;1;2 580 147;29 946;;;;;;;;;;;;;;;;;;
4900001;91;18;1;2 736 166;29 946;;;;;;;;;;;;;;;;;;
4900001;83;16;1;2 478 331;29 946;;;;;;;;;;;;;;;;;;
4900001;59;13;1;1 736 333;29 605;;;;;;;;;;;;;;;;;;
4900001;91;6;1;2 634 197;28 830;;;;;;;;;;;;;;;;;;
4900001;136;10;2;3 227 374;23 715;;;;;;;;;;;;;;;;;;
4900001;86;9;1;2 457 283;28 520;;;;;;;;;;;;;;;;;;
4900001;91;6;1;2 605 872;28 520;;;;;;;;;;;;;;;;;;
4900001;83;4;1;2 360 315;28 520;;;;;;;;;;;;;;;;;;
4900001;131;3;2;3 347 512;25 575;;;;;;;;;;;;;;;;;;
4900001;59;1;1;2 027 237;34 565;;;;;;;;;;;;;;;;;;
4900001;59;24;1;2 018 147;34 410;;;;;;;;;;;;;;;;;;
4900001;136;22;2;4 075 351;29 946;;;;;;;;;;;;;;;;;;
4900001;86;21;1;2 566 125;29 783;;;;;;;;;;;;;;;;;;
4900001;59;1;1;2 054 510;35 030;;;;;;;;;;;;;;;;;;
4900001;118;20;2;3 844 806;32 550;;;;;;;;;;;;;;;;;;
4900001;96;11;1;2 924 337;30 535;;;;;;;;;;;;;;;;;;
4900001;118;9;2;3 258 931;27 590;;;;;;;;;;;;;;;;;;
4900001;110;7;2;3 232 138;29 450;;;;;;;;;;;;;;;;;;
4900001;87;3;1;3 021 570;34 875;;;;;;;;;;;;;;;;;;
4900001;136;10;2;3 290 656;24 180;;;;;;;;;;;;;;;;;;
4900001;86;9;1;2 497 348;28 985;;;;;;;;;;;;;;;;;;
4900001;91;6;1;2 648 359;28 985;;;;;;;;;;;;;;;;;;
4900001;83;4;1;2 398 799;28 985;;;;;;;;;;;;;;;;;;
4900001;91;18;1;2 721 296;29 783;;;;;;;;;;;;;;;;;;
4900001;59;24;1;2 045 419;34 875;;;;;;;;;;;;;;;;;;
4900001;136;22;2;4 141 797;30 434;;;;;;;;;;;;;;;;;;
4900001;86;21;1;2 608 192;30 271;;;;;;;;;;;;;;;;;;
4900001;91;18;1;2 765 907;30 272;;;;;;;;;;;;;;;;;;
4900001;83;16;1;2 505 269;30 271;;;;;;;;;;;;;;;;;;
4900001;131;15;2;3 301 864;25 226;;;;;;;;;;;;;;;;;;
4900001;59;13;1;1 754 515;29 915;;;;;;;;;;;;;;;;;;
4900001;136;10;2;3 269 562;24 025;;;;;;;;;;;;;;;;;;
4900001;86;9;1;2 483 993;28 830;;;;;;;;;;;;;;;;;;
4900001;83;4;1;2 320 710;28 055;;;;;;;;;;;;;;;;;;
4900001;131;3;2;3 306 936;25 265;;;;;;;;;;;;;;;;;;
4900001;59;1;1;2 009 056;34 255;;;;;;;;;;;;;;;;;;
4900001;136;22;2;4 031 054;29 621;;;;;;;;;;;;;;;;;;
4900001;86;21;1;2 538 080;29 458;;;;;;;;;;;;;;;;;;
4900001;90;18;1;2 640 887;29 458;;;;;;;;;;;;;;;;;;
4900001;83;16;1;2 436 745;29 458;;;;;;;;;;;;;;;;;;
4900001;131;14;2;3 195 352;24 412;;;;;;;;;;;;;;;;;;
4900001;59;12;1;1 709 061;29 140;;;;;;;;;;;;;;;;;;
4900001;136;10;2;3 164 093;23 250;;;;;;;;;;;;;;;;;;
4900001;83;4;1;2 334 660;28 210;;;;;;;;;;;;;;;;;;
4900001;59;2;1;1 999 965;34 100;;;;;;;;;;;;;;;;;;
4900001;90;18;1;2 801 383;31 248;;;;;;;;;;;;;;;;;;
4900001;83;16;1;2 584 835;31 248;;;;;;;;;;;;;;;;;;
4900001;131;14;2;3 429 678;26 203;;;;;;;;;;;;;;;;;;
4900001;59;13;1;1 809 059;30 845;;;;;;;;;;;;;;;;;;
4900001;59;12;1;1 809 059;30 845;;;;;;;;;;;;;;;;;;
4900001;136;11;2;3 895 101;28 622;;;;;;;;;;;;;;;;;;
4900001;86;9;1;2 955 466;34 302;;;;;;;;;;;;;;;;;;
4900001;93;8;1;3 097 421;33 273;;;;;;;;;;;;;;;;;;
4900001;86;21;1;2 552 102;29 620;;;;;;;;;;;;;;;;;;
4900001;59;12;1;1 727 243;29 450;;;;;;;;;;;;;;;;;;
4900001;136;10;2;3 206 280;23 560;;;;;;;;;;;;;;;;;;
4900001;86;9;1;2 443 928;28 365;;;;;;;;;;;;;;;;;;
4900001;91;6;1;2 591 710;28 365;;;;;;;;;;;;;;;;;;
4900001;83;4;1;2 347 487;28 365;;;;;;;;;;;;;;;;;;
4900001;131;3;2;3 327 224;25 420;;;;;;;;;;;;;;;;;;
4900001;59;1;1;2 018 147;34 410;;;;;;;;;;;;;;;;;;
4900001;59;24;1;2 009 056;34 255;;;;;;;;;;;;;;;;;;
4900001;136;22;2;4 053 202;29 783;;;;;;;;;;;;;;;;;;
4900001;90;6;1;3 037 008;33 876;;;;;;;;;;;;;;;;;;
4900001;91;18;1;2 706 425;29 620;;;;;;;;;;;;;;;;;;
4900001;83;16;1;2 451 393;29 621;;;;;;;;;;;;;;;;;;
4900001;131;15;2;3 216 654;24 575;;;;;;;;;;;;;;;;;;
4900001;59;13;1;1 718 152;29 295;;;;;;;;;;;;;;;;;;
4900001;59;12;1;1 718 152;29 295;;;;;;;;;;;;;;;;;;
4900001;136;10;2;3 185 186;23 405;;;;;;;;;;;;;;;;;;
4900001;86;9;1;2 430 574;28 210;;;;;;;;;;;;;;;;;;
4900001;91;6;1;2 577 548;28 210;;;;;;;;;;;;;;;;;;
1500002;70;;1;1 231 000;17 468;29.12.2025;;;;;;;;;;;;;;;;;
1500002;64;;1;1 221 000;18 948;29.12.2025;;;;;;;;;;;;;;;;;
1500002;70;;1;1 231 000;17 468;29.12.2025;;;;;;;;;;;;;;;;;
1500002;70;;1;1 231 000;17 468;29.12.2025;;;;;;;;;;;;;;;;;
1500002;70;;1;1 231 000;17 468;29.12.2025;;;;;;;;;;;;;;;;;
1500002;70;;1;1 231 000;17 468;29.12.2025;;;;;;;;;;;;;;;;;
1500002;64;;1;1 221 000;18 948;29.12.2025;;;;;;;;;;;;;;;;;
1500002;70;;1;1 231 000;17 468;29.12.2025;;;;;;;;;;;;;;;;;
1500002;215;;3;3 830 000;17 793;29.12.2025;;;;;;;;;;;;;;;;;
1500002;207;;3;3 691 000;17 865;29.12.2025;;;;;;;;;;;;;;;;;
1500002;207;;3;3 691 000;17 865;29.12.2025;;;;;;;;;;;;;;;;;
1500002;215;;3;3 830 000;17 793;29.12.2025;;;;;;;;;;;;;;;;;
1500002;215;;3;3 830 000;17 793;29.12.2025;;;;;;;;;;;;;;;;;
1500002;207;;3;3 691 000;17 865;29.12.2025;;;;;;;;;;;;;;;;;
1500002;207;;3;3 691 000;17 865;29.12.2025;;;;;;;;;;;;;;;;;
1500002;215;;3;3 830 000;17 793;29.12.2025;;;;;;;;;;;;;;;;;
1500002;215;;3;3 830 000;17 793;29.12.2025;;;;;;;;;;;;;;;;;
1500002;207;;3;3 691 000;17 865;29.12.2025;;;;;;;;;;;;;;;;;
1500002;207;;3;3 691 000;17 865;29.12.2025;;;;;;;;;;;;;;;;;
1500002;86;;1;1 262 000;14 627;29.12.2025;;;;;;;;;;;;;;;;;
1500002;86;;1;1 262 000;14 627;29.12.2025;;;;;;;;;;;;;;;;;
1500002;86;;1;1 262 000;14 627;29.12.2025;;;;;;;;;;;;;;;;;
1500002;86;;1;1 262 000;14 627;29.12.2025;;;;;;;;;;;;;;;;;
1500002;69;;1;1 144 000;16 686;29.12.2025;;;;;;;;;;;;;;;;;
1500002;74;;1;1 232 000;16 617;29.12.2025;;;;;;;;;;;;;;;;;
1500002;84;;1;1 400 000;16 613;29.12.2025;;;;;;;;;;;;;;;;;
1500002;78;;1;1 308 000;16 806;29.12.2025;;;;;;;;;;;;;;;;;
1500002;78;;1;1 308 000;16 806;29.12.2025;;;;;;;;;;;;;;;;;
1500002;58;;1;1 123 000;19 256;29.12.2025;;;;;;;;;;;;;;;;;
1500002;78;;1;1 308 000;16 806;29.12.2025;;;;;;;;;;;;;;;;;
1500002;78;;1;1 308 000;16 806;29.12.2025;;;;;;;;;;;;;;;;;
1500002;59;;1;1 248 000;21 117;29.12.2025;;;;;;;;;;;;;;;;;
1500002;50;;1;1 118 000;22 347;29.12.2025;;;;;;;;;;;;;;;;;
1500002;109;;2;1 852 000;17 010;29.12.2025;;;;;;;;;;;;;;;;;
1500002;75;;1;1 342 000;17 860;29.12.2025;;;;;;;;;;;;;;;;;
1500002;91;;1;1 500 000;16 478;29.12.2025;;;;;;;;;;;;;;;;;
1500002;113;;2;2 071 000;18 276;29.12.2025;;;;;;;;;;;;;;;;;
1500002;113;;2;2 071 000;18 276;29.12.2025;;;;;;;;;;;;;;;;;
1500002;78;;1;1 371 000;17 656;29.12.2025;;;;;;;;;;;;;;;;;
1500002;66;;1;1 292 000;19 704;29.12.2025;;;;;;;;;;;;;;;;;
1500002;113;;2;2 071 000;18 276;29.12.2025;;;;;;;;;;;;;;;;;
1500002;113;;2;2 071 000;18 276;29.12.2025;;;;;;;;;;;;;;;;;
1500002;78;;1;1 334 000;17 180;29.12.2025;;;;;;;;;;;;;;;;;
1500002;66;;1;1 247 000;19 018;29.12.2025;;;;;;;;;;;;;;;;;
1500002;78;;1;1 334 000;17 180;29.12.2025;;;;;;;;;;;;;;;;;
1500002;113;;2;2 031 000;17 923;29.12.2025;;;;;;;;;;;;;;;;;
1500002;113;;2;2 031 000;17 923;29.12.2025;;;;;;;;;;;;;;;;;
1500002;78;;1;1 308 000;16 806;29.12.2025;;;;;;;;;;;;;;;;;
1500002;58;;1;1 138 000;19 513;29.12.2025;;;;;;;;;;;;;;;;;
1500002;65;;1;1 313 000;20 166;29.12.2025;;;;;;;;;;;;;;;;;
1500002;65;;1;1 354 000;20 796;29.12.2025;;;;;;;;;;;;;;;;;
1500002;58;;1;1 138 000;19 513;29.12.2025;;;;;;;;;;;;;;;;;
1500002;78;;1;1 195 000;15 354;29.12.2025;;;;;;;;;;;;;;;;;
1500002;78;;1;1 308 000;16 806;29.12.2025;;;;;;;;;;;;;;;;;
1500002;78;;1;1 308 000;16 806;29.12.2025;;;;;;;;;;;;;;;;;
1500002;78;;1;1 308 000;16 806;29.12.2025;;;;;;;;;;;;;;;;;
1500002;78;;1;1 308 000;16 806;29.12.2025;;;;;;;;;;;;;;;;;
1500002;78;;1;1 308 000;16 806;29.12.2025;;;;;;;;;;;;;;;;;
1500002;58;;1;1 167 000;20 010;29.12.2025;;;;;;;;;;;;;;;;;
1500002;78;;1;1 308 000;16 806;29.12.2025;;;;;;;;;;;;;;;;;
1500002;91;;1;1 446 000;15 885;29.12.2025;;;;;;;;;;;;;;;;;
1500002;75;;1;1 369 000;18 219;29.12.2025;;;;;;;;;;;;;;;;;
1500002;120;;3;2 562 000;21 293;29.12.2025;;;;;;;;;;;;;;;;;
1500002;78;;1;1 261 000;16 202;29.12.2025;;;;;;;;;;;;;;;;;
1500002;78;;1;1 261 000;16 202;29.12.2025;;;;;;;;;;;;;;;;;
1500002;78;;1;1 261 000;16 202;29.12.2025;;;;;;;;;;;;;;;;;
1500002;78;;1;1 261 000;16 202;29.12.2025;;;;;;;;;;;;;;;;;
1500002;81;;1;1 316 000;16 283;29.12.2025;;;;;;;;;;;;;;;;;
1500002;146;;3;2 610 000;17 818;29.12.2025;;;;;;;;;;;;;;;;;
1500002;84;;1;1 405 000;16 673;29.12.2025;;;;;;;;;;;;;;;;;
1500002;78;;1;1 313 000;16 870;29.12.2025;;;;;;;;;;;;;;;;;
1500002;78;;1;1 313 000;16 870;29.12.2025;;;;;;;;;;;;;;;;;
1500002;78;;1;1 313 000;16 870;29.12.2025;;;;;;;;;;;;;;;;;
1500002;78;;1;1 313 000;16 870;29.12.2025;;;;;;;;;;;;;;;;;
1500002;59;;1;1 251 000;21 168;29.12.2025;;;;;;;;;;;;;;;;;
1500002;91;;1;1 505 000;16 533;29.12.2025;;;;;;;;;;;;;;;;;
1500002;113;;2;2 077 000;18 329;29.12.2025;;;;;;;;;;;;;;;;;
1500002;113;;2;2 077 000;18 329;29.12.2025;;;;;;;;;;;;;;;;;
1500002;66;;1;1 296 000;19 765;29.12.2025;;;;;;;;;;;;;;;;;
1500002;113;;2;2 077 000;18 329;29.12.2025;;;;;;;;;;;;;;;;;
1500002;113;;2;2 077 000;18 329;29.12.2025;;;;;;;;;;;;;;;;;
1500002;78;;1;1 338 000;17 231;29.12.2025;;;;;;;;;;;;;;;;;
1500002;66;;1;1 251 000;19 079;29.12.2025;;;;;;;;;;;;;;;;;
1500002;113;;2;2 038 000;17 984;29.12.2025;;;;;;;;;;;;;;;;;
1500002;113;;2;2 038 000;17 984;29.12.2025;;;;;;;;;;;;;;;;;
1500002;78;;1;1 313 000;16 870;29.12.2025;;;;;;;;;;;;;;;;;
1500002;58;;1;1 142 000;19 582;29.12.2025;;;;;;;;;;;;;;;;;
1500002;65;;1;1 317 000;20 227;29.12.2025;;;;;;;;;;;;;;;;;
1500002;78;;1;1 313 000;16 870;29.12.2025;;;;;;;;;;;;;;;;;
1500002;78;;1;1 313 000;16 870;29.12.2025;;;;;;;;;;;;;;;;;
1500002;168;;3;2 904 000;17 310;29.12.2025;;;;;;;;;;;;;;;;;
1500002;168;;3;2 904 000;17 310;29.12.2025;;;;;;;;;;;;;;;;;
1500002;78;;1;1 313 000;16 870;29.12.2025;;;;;;;;;;;;;;;;;
1500002;58;;1;1 171 000;20 079;29.12.2025;;;;;;;;;;;;;;;;;
1500002;78;;1;1 313 000;16 870;29.12.2025;;;;;;;;;;;;;;;;;
1500002;168;;3;2 904 000;17 310;29.12.2025;;;;;;;;;;;;;;;;;
1500002;168;;3;2 904 000;17 310;29.12.2025;;;;;;;;;;;;;;;;;
1500002;78;;1;1 313 000;16 870;29.12.2025;;;;;;;;;;;;;;;;;
1500002;58;;1;1 171 000;20 079;29.12.2025;;;;;;;;;;;;;;;;;
1500002;78;;1;1 313 000;16 870;29.12.2025;;;;;;;;;;;;;;;;;
1500002;91;;1;1 451 000;15 940;29.12.2025;;;;;;;;;;;;;;;;;
1500002;75;;1;1 374 000;18 286;29.12.2025;;;;;;;;;;;;;;;;;
1500002;120;;3;2 570 000;21 360;29.12.2025;;;;;;;;;;;;;;;;;
1500002;78;;1;1 266 000;16 266;29.12.2025;;;;;;;;;;;;;;;;;
1500002;78;;1;1 266 000;16 266;29.12.2025;;;;;;;;;;;;;;;;;
1500002;78;;1;1 266 000;16 266;29.12.2025;;;;;;;;;;;;;;;;;
1500002;78;;1;1 266 000;16 266;29.12.2025;;;;;;;;;;;;;;;;;
1500002;81;;1;1 321 000;16 345;29.12.2025;;;;;;;;;;;;;;;;;
1500002;146;;3;2 619 000;17 880;29.12.2025;;;;;;;;;;;;;;;;;
1500002;84;;1;1 410 000;16 732;29.12.2025;;;;;;;;;;;;;;;;;
1500002;78;;1;1 318 000;16 934;29.12.2025;;;;;;;;;;;;;;;;;
1500002;78;;1;1 318 000;16 934;29.12.2025;;;;;;;;;;;;;;;;;
1500002;78;;1;1 318 000;16 934;29.12.2025;;;;;;;;;;;;;;;;;
1500002;78;;1;1 318 000;16 934;29.12.2025;;;;;;;;;;;;;;;;;
1500002;50;;1;1 124 000;22 467;29.12.2025;;;;;;;;;;;;;;;;;
1500002;91;;1;1 511 000;16 599;29.12.2025;;;;;;;;;;;;;;;;;
1500002;113;;2;2 084 000;18 390;29.12.2025;;;;;;;;;;;;;;;;;
1500002;113;;2;2 084 000;18 390;29.12.2025;;;;;;;;;;;;;;;;;
1500002;66;;1;1 300 000;19 826;29.12.2025;;;;;;;;;;;;;;;;;
1500002;113;;2;2 084 000;18 390;29.12.2025;;;;;;;;;;;;;;;;;
1500002;113;;2;2 084 000;18 390;29.12.2025;;;;;;;;;;;;;;;;;
1500002;78;;1;1 343 000;17 296;29.12.2025;;;;;;;;;;;;;;;;;
1500002;66;;1;1 255 000;19 140;29.12.2025;;;;;;;;;;;;;;;;;
1500002;113;;2;2 044 000;18 037;29.12.2025;;;;;;;;;;;;;;;;;
1500002;113;;2;2 044 000;18 037;29.12.2025;;;;;;;;;;;;;;;;;
1500002;78;;1;1 318 000;16 934;29.12.2025;;;;;;;;;;;;;;;;;
1500002;65;;1;1 321 000;20 289;29.12.2025;;;;;;;;;;;;;;;;;
1500002;78;;1;1 318 000;16 934;29.12.2025;;;;;;;;;;;;;;;;;
1500002;78;;1;1 318 000;16 934;29.12.2025;;;;;;;;;;;;;;;;;
1500002;168;;3;2 914 000;17 370;29.12.2025;;;;;;;;;;;;;;;;;
1500002;168;;3;2 914 000;17 370;29.12.2025;;;;;;;;;;;;;;;;;
1500002;78;;1;1 318 000;16 934;29.12.2025;;;;;;;;;;;;;;;;;
1500002;58;;1;1 175 000;20 147;29.12.2025;;;;;;;;;;;;;;;;;
1500002;78;;1;1 318 000;16 934;29.12.2025;;;;;;;;;;;;;;;;;
1500002;168;;3;2 914 000;17 370;29.12.2025;;;;;;;;;;;;;;;;;
1500002;168;;3;2 914 000;17 370;29.12.2025;;;;;;;;;;;;;;;;;
1500002;78;;1;1 318 000;16 934;29.12.2025;;;;;;;;;;;;;;;;;
1500002;78;;1;1 318 000;16 934;29.12.2025;;;;;;;;;;;;;;;;;
1500002;91;;1;1 460 000;16 039;29.12.2025;;;;;;;;;;;;;;;;;
1500002;75;;1;1 378 000;18 339;29.12.2025;;;;;;;;;;;;;;;;;
1500002;120;;3;2 576 000;21 410;29.12.2025;;;;;;;;;;;;;;;;;
1500002;78;;1;1 270 000;16 318;29.12.2025;;;;;;;;;;;;;;;;;
1500002;78;;1;1 270 000;16 318;29.12.2025;;;;;;;;;;;;;;;;;
1500002;78;;1;1 270 000;16 318;29.12.2025;;;;;;;;;;;;;;;;;
1500002;146;;3;2 628 000;17 941;29.12.2025;;;;;;;;;;;;;;;;;
1500002;78;;1;1 322 000;16 986;29.12.2025;;;;;;;;;;;;;;;;;
1500002;78;;1;1 322 000;16 986;29.12.2025;;;;;;;;;;;;;;;;;
1500002;78;;1;1 322 000;16 986;29.12.2025;;;;;;;;;;;;;;;;;
1500002;78;;1;1 322 000;16 986;29.12.2025;;;;;;;;;;;;;;;;;
1500002;91;;1;1 516 000;16 654;29.12.2025;;;;;;;;;;;;;;;;;
1500002;113;;2;2 090 000;18 443;29.12.2025;;;;;;;;;;;;;;;;;
1500002;113;;2;2 090 000;18 443;29.12.2025;;;;;;;;;;;;;;;;;
1500002;113;;2;2 090 000;18 443;29.12.2025;;;;;;;;;;;;;;;;;
1500002;78;;1;1 348 000;17 360;29.12.2025;;;;;;;;;;;;;;;;;
1500002;66;;1;1 259 000;19 201;29.12.2025;;;;;;;;;;;;;;;;;
1500002;113;;2;2 051 000;18 099;29.12.2025;;;;;;;;;;;;;;;;;
1500002;113;;2;2 081 000;18 364;29.12.2025;;;;;;;;;;;;;;;;;
1500002;78;;1;1 322 000;16 986;29.12.2025;;;;;;;;;;;;;;;;;
1500002;65;;1;1 326 000;20 366;29.12.2025;;;;;;;;;;;;;;;;;
1500002;78;;1;1 322 000;16 986;29.12.2025;;;;;;;;;;;;;;;;;
1500002;168;;3;2 924 000;17 430;29.12.2025;;;;;;;;;;;;;;;;;
1500002;168;;3;2 924 000;17 430;29.12.2025;;;;;;;;;;;;;;;;;
1500002;78;;1;1 322 000;16 986;29.12.2025;;;;;;;;;;;;;;;;;
1500002;78;;1;1 322 000;16 986;29.12.2025;;;;;;;;;;;;;;;;;
1500002;168;;3;2 924 000;17 430;29.12.2025;;;;;;;;;;;;;;;;;
1500002;168;;3;2 924 000;17 430;29.12.2025;;;;;;;;;;;;;;;;;
1500002;78;;1;1 322 000;16 986;29.12.2025;;;;;;;;;;;;;;;;;
1500002;78;;1;1 322 000;16 986;29.12.2025;;;;;;;;;;;;;;;;;
1500002;75;;1;1 383 000;18 406;29.12.2025;;;;;;;;;;;;;;;;;
1500002;120;;3;2 585 000;21 484;29.12.2025;;;;;;;;;;;;;;;;;
1500002;78;;1;1 275 000;16 382;29.12.2025;;;;;;;;;;;;;;;;;
1500002;78;;1;1 275 000;16 382;29.12.2025;;;;;;;;;;;;;;;;;
1500002;146;;3;2 637 000;18 002;29.12.2025;;;;;;;;;;;;;;;;;
1500002;50;;1;1 130 000;22 586;29.12.2025;;;;;;;;;;;;;;;;;
1500002;91;;1;1 522 000;16 720;29.12.2025;;;;;;;;;;;;;;;;;
1500002;113;;2;2 097 000;18 505;29.12.2025;;;;;;;;;;;;;;;;;
1500002;113;;2;2 097 000;18 505;29.12.2025;;;;;;;;;;;;;;;;;
1500002;66;;1;1 263 000;19 262;29.12.2025;;;;;;;;;;;;;;;;;
1500002;113;;2;2 057 000;18 152;29.12.2025;;;;;;;;;;;;;;;;;
1500002;113;;2;2 057 000;18 152;29.12.2025;;;;;;;;;;;;;;;;;
1500002;276;;3;6 851 000;24 804;29.12.2025;;;;;;;;;;;;;;;;;
1500002;78;;1;1 327 000;17 050;29.12.2025;;;;;;;;;;;;;;;;;
1500002;78;;1;1 327 000;17 050;29.12.2025;;;;;;;;;;;;;;;;;
1500002;168;;3;2 934 000;17 489;29.12.2025;;;;;;;;;;;;;;;;;
1500002;168;;3;2 934 000;17 489;29.12.2025;;;;;;;;;;;;;;;;;
1500002;78;;1;1 327 000;17 050;29.12.2025;;;;;;;;;;;;;;;;;
1500002;78;;1;1 327 000;17 050;29.12.2025;;;;;;;;;;;;;;;;;
1500002;75;;1;1 387 000;18 459;29.12.2025;;;;;;;;;;;;;;;;;
1500002;81;;1;1 335 000;16 518;29.12.2025;;;;;;;;;;;;;;;;;
1500002;78;;1;1 336 000;17 166;29.12.2025;;;;;;;;;;;;;;;;;
1500002;78;;1;1 336 000;17 166;29.12.2025;;;;;;;;;;;;;;;;;
1500002;78;;1;1 336 000;17 166;29.12.2025;;;;;;;;;;;;;;;;;
1500002;50;;1;1 137 000;22 726;29.12.2025;;;;;;;;;;;;;;;;;
1500002;113;;2;2 100 000;18 532;29.12.2025;;;;;;;;;;;;;;;;;
1500002;113;;2;2 100 000;18 532;29.12.2025;;;;;;;;;;;;;;;;;
1500002;113;;2;2 100 000;18 532;29.12.2025;;;;;;;;;;;;;;;;;
1500002;78;;1;1 362 000;17 540;29.12.2025;;;;;;;;;;;;;;;;;
1500002;66;;1;1 271 000;19 384;29.12.2025;;;;;;;;;;;;;;;;;
1500002;78;;1;1 395 000;17 965;29.12.2025;;;;;;;;;;;;;;;;;
1500002;113;;2;2 071 000;18 276;29.12.2025;;;;;;;;;;;;;;;;;
1500002;113;;2;2 071 000;18 276;29.12.2025;;;;;;;;;;;;;;;;;
1500002;78;;1;1 351 000;17 358;29.12.2025;;;;;;;;;;;;;;;;;
3400001;140;3;2;1 875 000;13 426;;;;;;;;;;;;;;;;;;
3400001;140;3;2;1 900 000;13 605;;;;;;;;;;;;;;;;;;
3400001;140;4;2;1 900 000;13 605;;;;;;;;;;;;;;;;;;
3400001;140;4;2;1 925 000;13 784;;;;;;;;;;;;;;;;;;
3400001;140;5;2;1 925 000;13 784;;;;;;;;;;;;;;;;;;
3400001;140;5;2;1 950 000;13 963;;;;;;;;;;;;;;;;;;
3400001;140;6;2;1 950 000;13 963;;;;;;;;;;;;;;;;;;
3400001;140;6;2;1 975 000;14 142;;;;;;;;;;;;;;;;;;
3400001;140;8;2;2 000 000;14 322;;;;;;;;;;;;;;;;;;
3400001;140;8;2;2 025 000;14 501;;;;;;;;;;;;;;;;;;
3400001;140;11;2;2 075 000;14 859;;;;;;;;;;;;;;;;;;
3400001;140;14;2;2 150 000;15 396;;;;;;;;;;;;;;;;;;
3400001;140;14;2;2 175 000;15 575;;;;;;;;;;;;;;;;;;
3400001;140;15;2;2 175 000;15 575;;;;;;;;;;;;;;;;;;
3400001;140;15;2;2 200 000;15 754;;;;;;;;;;;;;;;;;;
3400001;140;16;2;2 200 000;15 754;;;;;;;;;;;;;;;;;;
3400001;140;16;2;2 225 000;15 933;;;;;;;;;;;;;;;;;;
3400001;140;17;2;2 225 000;15 933;;;;;;;;;;;;;;;;;;
3400001;140;17;2;2 250 000;16 112;;;;;;;;;;;;;;;;;;
3400001;140;18;2;2 250 000;16 112;;;;;;;;;;;;;;;;;;
3400001;140;18;2;2 275 000;16 291;;;;;;;;;;;;;;;;;;
3400001;140;19;2;2 275 000;16 291;;;;;;;;;;;;;;;;;;
3400001;140;19;2;2 300 000;16 470;;;;;;;;;;;;;;;;;;
3400001;140;20;2;2 300 000;16 470;;;;;;;;;;;;;;;;;;
3400001;140;20;2;2 325 000;16 649;;;;;;;;;;;;;;;;;;
3400001;140;21;2;2 325 000;16 649;;;;;;;;;;;;;;;;;;
3400001;140;22;2;2 350 000;16 828;;;;;;;;;;;;;;;;;;
2800002;313;41;3;5 400 000;17 241;;;;;;;;;;;;;;;;;;
2800002;313;42;3;5 400 000;17 241;;;;;;;;;;;;;;;;;;
2800003;173;20;3;2 375 000;13 728;;;;;;;;;;;;;;;;;;
2800003;173;21;3;2 425 000;14 017;;;;;;;;;;;;;;;;;;
2800003;173;2;3;2 651 250;15 325;;;;;;;;;;;;;;;;;;
2800003;173;27;3;2 575 000;14 884;;;;;;;;;;;;;;;;;;
2800003;173;28;3;2 575 000;14 884;;;;;;;;;;;;;;;;;;
2800003;173;29;3;2 625 000;15 173;;;;;;;;;;;;;;;;;;
2800003;173;30;3;2 625 000;15 173;;;;;;;;;;;;;;;;;;
2800003;173;31;3;2 675 000;15 462;;;;;;;;;;;;;;;;;;
2800003;173;32;3;2 675 000;15 462;;;;;;;;;;;;;;;;;;
2800003;312;41;3;5 400 000;17 308;;;;;;;;;;;;;;;;;;
2800003;312;42;3;5 400 000;17 308;;;;;;;;;;;;;;;;;;
2800001;159;6;2;1 975 000;12 421;;;;;;;;;;;;;;;;;;
2800001;159;7;2;1 975 000;12 421;;;;;;;;;;;;;;;;;;
2800001;159;13;2;2 075 000;13 050;;;;;;;;;;;;;;;;;;
2800001;141;14;2;2 050 000;14 539;;;;;;;;;;;;;;;;;;
2800001;159;15;2;2 075 000;13 050;;;;;;;;;;;;;;;;;;
2800001;159;18;2;2 150 000;13 522;;;;;;;;;;;;;;;;;;
2500004;141;;2;1 813 000;12 858;;;;;;;;;;;;;;;;;;
2500004;141;;2;1 813 000;12 858;;;;;;;;;;;;;;;;;;
2500004;141;;2;1 821 000;12 915;;;;;;;;;;;;;;;;;;
2500004;141;;2;1 821 000;12 915;;;;;;;;;;;;;;;;;;
2500004;141;;2;1 828 000;12 965;;;;;;;;;;;;;;;;;;
2500004;141;;2;1 828 000;12 965;;;;;;;;;;;;;;;;;;
2500004;141;;2;1 835 000;13 014;;;;;;;;;;;;;;;;;;
2500004;141;;2;1 835 000;13 014;;;;;;;;;;;;;;;;;;
2500004;141;;2;1 843 000;13 071;;;;;;;;;;;;;;;;;;
2500004;141;;2;1 843 000;13 071;;;;;;;;;;;;;;;;;;
2500004;141;;2;1 850 000;13 121;;;;;;;;;;;;;;;;;;
2500004;141;;2;1 850 000;13 121;;;;;;;;;;;;;;;;;;
2500004;141;;2;1 857 000;13 170;;;;;;;;;;;;;;;;;;
2500004;141;;2;1 857 000;13 170;;;;;;;;;;;;;;;;;;
2500004;141;;2;1 864 000;13 220;;;;;;;;;;;;;;;;;;
2500004;141;;2;1 864 000;13 220;;;;;;;;;;;;;;;;;;
2500004;141;;2;1 872 000;13 277;;;;;;;;;;;;;;;;;;
2500004;141;;2;1 872 000;13 277;;;;;;;;;;;;;;;;;;
2500004;141;;2;1 879 000;13 326;;;;;;;;;;;;;;;;;;
2500004;141;;2;1 879 000;13 326;;;;;;;;;;;;;;;;;;
2500004;141;;2;1 884 000;13 362;;;;;;;;;;;;;;;;;;
2500004;141;;2;1 884 000;13 362;;;;;;;;;;;;;;;;;;
2500004;141;;2;1 890 000;13 404;;;;;;;;;;;;;;;;;;
2500004;141;;2;1 890 000;13 404;;;;;;;;;;;;;;;;;;
2500004;141;;2;1 895 000;13 440;;;;;;;;;;;;;;;;;;
2500004;141;;2;1 895 000;13 440;;;;;;;;;;;;;;;;;;
2500004;141;;2;1 904 000;13 504;;;;;;;;;;;;;;;;;;
2500004;141;;2;1 904 000;13 504;;;;;;;;;;;;;;;;;;
2500004;141;;2;1 913 000;13 567;;;;;;;;;;;;;;;;;;
2500004;141;;2;1 913 000;13 567;;;;;;;;;;;;;;;;;;
2500004;141;;2;1 922 000;13 631;;;;;;;;;;;;;;;;;;
2500004;141;;2;1 922 000;13 631;;;;;;;;;;;;;;;;;;
2500004;224;;Duplex;3 052 000;13 625;;;;;;;;;;;;;;;;;;
2500004;224;;Duplex;3 052 000;13 625;;;;;;;;;;;;;;;;;;
2500004;400;;Villa;5 358 000;13 395;;;;;;;;;;;;;;;;;;
2500004;400;;Villa;5 358 000;13 395;;;;;;;;;;;;;;;;;;
2500004;400;;Villa;5 411 000;13 528;;;;;;;;;;;;;;;;;;
3200001;156;3;2;1 950 000;12 484;;;;;;;;;;;;;;;;;;
3200001;155;3;2;1 925 000;12 419;;;;;;;;;;;;;;;;;;
3200001;155;4;2;1 950 000;12 581;;;;;;;;;;;;;;;;;;
3200001;155;5;2;1 975 000;12 742;;;;;;;;;;;;;;;;;;
3200001;155;7;2;2 025 000;13 065;;;;;;;;;;;;;;;;;;
3200001;155;8;2;2 050 000;13 226;;;;;;;;;;;;;;;;;;
3200001;156;10;2;2 100 000;13 444;;;;;;;;;;;;;;;;;;
3200001;156;11;2;2 150 000;13 764;;;;;;;;;;;;;;;;;;
3200001;155;11;2;2 125 000;13 710;;;;;;;;;;;;;;;;;;
3200001;155;12;2;2 150 000;13 871;;;;;;;;;;;;;;;;;;
3200001;155;13;2;2 175 000;14 032;;;;;;;;;;;;;;;;;;
3200001;155;14;2;2 225 000;14 355;;;;;;;;;;;;;;;;;;
3200001;159;15;2;2 250 000;14 187;;;;;;;;;;;;;;;;;;
3200001;155;15;2;2 225 000;14 355;;;;;;;;;;;;;;;;;;
3200001;155;16;2;2 250 000;14 516;;;;;;;;;;;;;;;;;;
3200001;155;17;2;2 275 000;14 677;;;;;;;;;;;;;;;;;;
3200001;159;18;2;2 300 000;14 502;;;;;;;;;;;;;;;;;;
3200001;149;20;2;2 350 000;15 772;;;;;;;;;;;;;;;;;;
3200001;287;22;3;5 325 000;18 548;;;;;;;;;;;;;;;;;;
3800001;174;2;3;3 400 000;19 591;;;;;;;;;;;;;;;;;;
3800001;164;4;3;3 450 000;20 996;;;;;;;;;;;;;;;;;;
3800001;172;4;3;3 450 000;20 077;;;;;;;;;;;;;;;;;;
3800001;164;6;3;3 500 000;21 300;;;;;;;;;;;;;;;;;;
3800001;172;6;3;3 500 000;20 368;;;;;;;;;;;;;;;;;;
3800001;164;8;3;3 550 000;21 604;;;;;;;;;;;;;;;;;;
3800001;172;8;3;3 550 000;20 659;;;;;;;;;;;;;;;;;;
3500001;123;5;2;1 729 920;14 029;;;;;;;;;;;;;;;;;;
3500001;123;9;2;1 844 400;14 957;;;;;;;;;;;;;;;;;;
3500001;123;9;2;1 798 650;14 664;;;;;;;;;;;;;;;;;;
3500001;125;9;2;1 770 300;14 218;;;;;;;;;;;;;;;;;;
3500001;123;11;2;1 900 580;15 413;;;;;;;;;;;;;;;;;;
3500001;123;11;2;1 855 350;15 126;;;;;;;;;;;;;;;;;;
3500001;125;11;2;1 827 000;14 674;;;;;;;;;;;;;;;;;;
3500001;123;13;2;1 911 000;15 580;;;;;;;;;;;;;;;;;;
3500001;125;15;2;1 939 350;15 576;;;;;;;;;;;;;;;;;;
3500001;123;16;2;1 996 050;16 273;;;;;;;;;;;;;;;;;;
3500001;123;18;2;2 072 300;16 806;;;;;;;;;;;;;;;;;;
3500001;123;18;2;2 024 400;16 504;;;;;;;;;;;;;;;;;;
3500001;125;18;2;1 996 050;16 031;;;;;;;;;;;;;;;;;;
3500001;125;19;2;1 928 000;15 485;;;;;;;;;;;;;;;;;;
3500001;123;20;2;2 148 560;17 424;;;;;;;;;;;;;;;;;;
3500001;123;20;2;2 099 860;17 119;;;;;;;;;;;;;;;;;;
3500001;125;20;2;2 072 300;16 644;;;;;;;;;;;;;;;;;;
3500001;123;22;2;2 062 000;16 722;;;;;;;;;;;;;;;;;;
3500001;123;22;2;2 157 100;17 586;;;;;;;;;;;;;;;;;;
3500001;125;22;2;2 128 400;17 094;;;;;;;;;;;;;;;;;;
3500001;125;23;2;2 157 100;17 325;;;;;;;;;;;;;;;;;;
3500001;123;24;2;2 214 340;18 053;;;;;;;;;;;;;;;;;;
3500001;125;24;2;2 185 720;17 555;;;;;;;;;;;;;;;;;;
3500001;123;25;2;2 242 960;18 286;;;;;;;;;;;;;;;;;;
3500001;125;25;2;2 214 340;17 784;;;;;;;;;;;;;;;;;;
2900001;138;2;2;1 917 600;13 896;;;;;;;;;;;;;;;;;;
2900001;138;2;2;1 942 600;14 077;;;;;;;;;;;;;;;;;;
2900001;138;3;2;1 948 200;14 117;;;;;;;;;;;;;;;;;;
2900001;136;3;2;1 973 200;14 509;;;;;;;;;;;;;;;;;;
2900001;138;4;2;2 003 800;14 520;;;;;;;;;;;;;;;;;;
2900001;138;5;2;2 019 600;14 635;;;;;;;;;;;;;;;;;;
2900001;138;7;2;2 121 600;15 374;;;;;;;;;;;;;;;;;;
2900001;138;8;2;2 152 200;15 596;;;;;;;;;;;;;;;;;;
2900001;138;9;2;2 182 800;15 817;;;;;;;;;;;;;;;;;;
2900001;138;10;2;2 213 400;16 039;;;;;;;;;;;;;;;;;;
2900001;138;11;2;2 244 000;16 261;;;;;;;;;;;;;;;;;;
2900001;138;12;2;2 274 600;16 483;;;;;;;;;;;;;;;;;;
2900001;138;13;2;2 305 200;16 704;;;;;;;;;;;;;;;;;;
2900001;138;14;2;2 335 800;16 926;;;;;;;;;;;;;;;;;;
4400001;118;3;2;1 975 000;16 677;;;;;;;;;;;;;;;;;;
4400001;118;3;2;1 975 000;16 677;;;;;;;;;;;;;;;;;;
4400001;118;4;2;2 000 000;16 888;;;;;;;;;;;;;;;;;;
4400001;118;4;2;2 000 000;16 888;;;;;;;;;;;;;;;;;;
4400001;118;4;2;2 025 000;17 099;;;;;;;;;;;;;;;;;;
4400001;118;5;2;2 025 000;17 099;;;;;;;;;;;;;;;;;;
4400001;118;5;2;2 050 000;17 310;;;;;;;;;;;;;;;;;;
4400001;118;6;2;2 050 000;17 310;;;;;;;;;;;;;;;;;;
4400001;118;6;2;2 050 000;17 310;;;;;;;;;;;;;;;;;;
4400001;118;6;2;2 075 000;17 521;;;;;;;;;;;;;;;;;;
4400001;118;7;2;2 075 000;17 521;;;;;;;;;;;;;;;;;;
4400001;118;7;2;2 075 000;17 521;;;;;;;;;;;;;;;;;;
4400001;118;7;2;2 100 000;17 732;;;;;;;;;;;;;;;;;;
4400001;118;7;2;2 100 000;17 732;;;;;;;;;;;;;;;;;;
4400001;118;9;2;2 150 000;18 154;;;;;;;;;;;;;;;;;;
4400001;118;10;2;2 150 000;18 154;;;;;;;;;;;;;;;;;;
4400001;118;11;2;2 175 000;18 365;;;;;;;;;;;;;;;;;;
4400001;118;11;2;2 200 000;18 576;;;;;;;;;;;;;;;;;;
4400001;118;12;2;2 200 000;18 576;;;;;;;;;;;;;;;;;;
4400001;118;12;2;2 200 000;18 576;;;;;;;;;;;;;;;;;;
4400001;118;12;2;2 225 000;18 787;;;;;;;;;;;;;;;;;;
4400001;118;12;2;2 250 000;18 999;;;;;;;;;;;;;;;;;;
4400001;118;13;2;2 250 000;18 999;;;;;;;;;;;;;;;;;;
4400001;118;13;2;2 250 000;18 999;;;;;;;;;;;;;;;;;;
4400001;118;15;2;2 275 000;19 210;;;;;;;;;;;;;;;;;;
4400001;220;27;3;5 200 000;23 677;;;;;;;;;;;;;;;;;;
300002;45;2;St;1 560 000;34 667;;;;;;;;;;;;;;;;;;
300002;42;2;St;1 460 000;34 762;;;;;;;;;;;;;;;;;;
300002;42;6;St;1 560 000;37 143;;;;;;;;;;;;;;;;;;
300002;43;6;St;1 690 000;39 302;;;;;;;;;;;;;;;;;;
300002;87;3;1;1 950 000;22 414;;;;;;;;;;;;;;;;;;
300002;87;4;1;2 000 000;22 989;;;;;;;;;;;;;;;;;;
300002;94;32;1;3 010 000;32 021;;;;;;;;;;;;;;;;;;
300002;90;35;1;2 820 000;31 333;;;;;;;;;;;;;;;;;;
300002;97;7;2;2 510 000;25 876;;;;;;;;;;;;;;;;;;
300002;120;7;2;2 870 000;23 917;;;;;;;;;;;;;;;;;;
300002;125;35;2;3 850 000;30 800;;;;;;;;;;;;;;;;;;
300002;130;35;2;4 080 000;31 385;;;;;;;;;;;;;;;;;;
300002;276;25;Duplex;7 600 000;27 536;;;;;;;;;;;;;;;;;;
300002;212;25;Duplex;6 080 000;28 679;;;;;;;;;;;;;;;;;;
300002;170;33;3;4 530 000;26 647;;;;;;;;;;;;;;;;;;
300002;170;34;3;4 580 000;26 941;;;;;;;;;;;;;;;;;;
300002;170;35;3;4 600 000;27 059;;;;;;;;;;;;;;;;;;
1500001;156;0;3;2 420 000;15 527;;;;;;;;;;;;;;;;;;
1500001;181;0;2;2 706 000;14 921;;;;;;;;;;;;;;;;;;
1500001;169;0;3;2 420 000;14 352;;;;;;;;;;;;;;;;;;
1500001;158;0;3;2 475 000;15 711;;;;;;;;;;;;;;;;;;
1500001;161;0;2;2 689 500;16 742;;;;;;;;;;;;;;;;;;
1500001;191;29;3;3 415 500;17 849;;;;;;;;;;;;;;;;;;
1500001;190;29;3;3 415 500;17 998;;;;;;;;;;;;;;;;;;
1500001;191;29;3;3 415 500;17 929;;;;;;;;;;;;;;;;;;
1500001;129;0;2;2 145 000;16 671;;;;;;;;;;;;;;;;;;
1500001;128;0;2;2 145 000;16 711;;;;;;;;;;;;;;;;;;
1500001;164;11;3;2 706 000;16 454;;;;;;;;;;;;;;;;;;
1500001;223;13;2;3 520 000;15 802;;;;;;;;;;;;;;;;;;
1500001;215;13;2;3 410 000;15 856;;;;;;;;;;;;;;;;;;
1500001;369;13;3;4 500 000;12 191;;;;;;;;;;;;;;;;;;
1500001;256;13;2;3 410 000;13 302;;;;;;;;;;;;;;;;;;
1500001;156;1;2;2 189 000;14 077;;;;;;;;;;;;;;;;;;
1500001;138;1;2;2 046 000;14 805;;;;;;;;;;;;;;;;;;
1500001;147;2;2;2 178 000;14 830;;;;;;;;;;;;;;;;;;
1500001;147;3;2;2 189 000;14 901;;;;;;;;;;;;;;;;;;
1500001;147;4;2;2 200 000;14 980;;;;;;;;;;;;;;;;;;
1500001;147;5;2;2 222 000;15 126;;;;;;;;;;;;;;;;;;
1500001;153;6;2;2 365 000;15 483;;;;;;;;;;;;;;;;;;
1500001;148;7;2;2 420 000;16 367;;;;;;;;;;;;;;;;;;
1500001;147;7;2;2 398 000;16 324;;;;;;;;;;;;;;;;;;
1500001;137;7;2;2 189 000;15 922;;;;;;;;;;;;;;;;;;
1500001;245;8;2;3 575 000;14 601;;;;;;;;;;;;;;;;;;
1500001;227;8;2;3 575 000;15 735;;;;;;;;;;;;;;;;;;
1500001;150;1;3;2 134 000;14 225;;;;;;;;;;;;;;;;;;
1500001;149;1;3;2 112 000;14 196;;;;;;;;;;;;;;;;;;
1500001;149;2;3;2 145 000;14 418;;;;;;;;;;;;;;;;;;
1500001;239;4;3;3 465 000;14 509;;;;;;;;;;;;;;;;;;
1500001;238;4;3;3 520 000;14 768;;;;;;;;;;;;;;;;;;
3100004;197;2;;1 483 466;7 530;;;;;;;;;;;;;;;;;;
3100004;193;2;;1 483 466;7 686;;;;;;;;;;;;;;;;;;
3100004;169;2;;1 375 841;8 141;;;;;;;;;;;;;;;;;;
3100004;170;3;;1 510 373;8 885;;;;;;;;;;;;;;;;;;
3100004;173;3;;1 402 748;8 108;;;;;;;;;;;;;;;;;;
3100004;170;3;;1 510 373;8 885;;;;;;;;;;;;;;;;;;
3100004;168;3;;1 537 279;9 150;;;;;;;;;;;;;;;;;;
3100004;174;4;;1 537 279;8 835;;;;;;;;;;;;;;;;;;
3100004;194;5;;1 564 185;8 063;;;;;;;;;;;;;;;;;;
3100004;173;6;;1 591 091;9 197;;;;;;;;;;;;;;;;;;
3100004;172;8;;1 644 904;9 563;;;;;;;;;;;;;;;;;;
3100004;174;10;;1 698 716;9 763;;;;;;;;;;;;;;;;;;
3100004;171;11;;1 725 623;10 091;;;;;;;;;;;;;;;;;;
3100004;171;11;;1 725 623;10 091;;;;;;;;;;;;;;;;;;
3100004;174;12;;1 752 529;10 072;;;;;;;;;;;;;;;;;;
3100004;172;12;;1 752 529;10 189;;;;;;;;;;;;;;;;;;
3100004;192;13;;1 779 435;9 268;;;;;;;;;;;;;;;;;;
3100004;194;13;;1 779 435;9 172;;;;;;;;;;;;;;;;;;
3100004;167;13;;1 779 435;10 655;;;;;;;;;;;;;;;;;;
3100004;193;14;;1 806 341;9 359;;;;;;;;;;;;;;;;;;
3100004;170;14;;1 806 341;10 626;;;;;;;;;;;;;;;;;;
3100004;167;16;;1 860 154;11 139;;;;;;;;;;;;;;;;;;
3100004;174;16;;1 860 154;10 691;;;;;;;;;;;;;;;;;;
3100004;171;17;;1 913 966;11 193;;;;;;;;;;;;;;;;;;
3100004;171;17;;1 913 966;11 193;;;;;;;;;;;;;;;;;;
3100004;173;18;;1 967 779;11 374;;;;;;;;;;;;;;;;;;
3100004;172;18;;1 967 779;11 441;;;;;;;;;;;;;;;;;;
3100004;172;18;;1 967 779;11 441;;;;;;;;;;;;;;;;;;
3100004;190;19;;2 021 591;10 640;;;;;;;;;;;;;;;;;;
3100004;193;19;;2 021 591;10 475;;;;;;;;;;;;;;;;;;
3100004;168;19;;2 021 591;12 033;;;;;;;;;;;;;;;;;;
3100004;170;20;;2 075 404;12 208;;;;;;;;;;;;;;;;;;
3100004;179;21;;2 129 216;11 895;;;;;;;;;;;;;;;;;;
3100004;139;21;;1 806 341;12 995;;;;;;;;;;;;;;;;;;
3100004;171;21;;2 129 216;12 452;;;;;;;;;;;;;;;;;;
3100004;170;21;;2 129 216;12 525;;;;;;;;;;;;;;;;;;
3100004;138;21;;1 806 341;13 089;;;;;;;;;;;;;;;;;;
3100004;168;22;;2 183 029;12 994;;;;;;;;;;;;;;;;;;
3100004;139;22;;1 860 154;13 382;;;;;;;;;;;;;;;;;;
3100004;174;22;;2 183 029;12 546;;;;;;;;;;;;;;;;;;
3100004;192;22;;2 183 029;11 370;;;;;;;;;;;;;;;;;;
3100004;138;22;;1 860 154;13 479;;;;;;;;;;;;;;;;;;
3100004;170;23;;2 236 841;13 158;;;;;;;;;;;;;;;;;;
3100004;136;23;;1 913 966;14 073;;;;;;;;;;;;;;;;;;
3100004;169;23;;2 236 841;13 236;;;;;;;;;;;;;;;;;;
3100004;138;23;;1 913 966;13 869;;;;;;;;;;;;;;;;;;
3100004;174;24;;2 290 654;13 165;;;;;;;;;;;;;;;;;;
3100004;138;24;;1 967 779;14 259;;;;;;;;;;;;;;;;;;
3100004;172;24;;2 290 654;13 318;;;;;;;;;;;;;;;;;;
3100004;171;24;;2 290 654;13 396;;;;;;;;;;;;;;;;;;
3100004;139;24;;1 967 779;14 157;;;;;;;;;;;;;;;;;;
3100004;191;24;;2 344 466;12 275;;;;;;;;;;;;;;;;;;
3100004;176;25;;2 344 466;13 321;;;;;;;;;;;;;;;;;;
3100004;137;25;;2 021 591;14 756;;;;;;;;;;;;;;;;;;
3100004;194;25;;2 344 466;12 085;;;;;;;;;;;;;;;;;;
3100004;169;25;;2 344 466;13 873;;;;;;;;;;;;;;;;;;
3100004;139;25;;2 021 591;14 544;;;;;;;;;;;;;;;;;;
3100004;191;26;;2 398 279;12 556;;;;;;;;;;;;;;;;;;
3100004;176;26;;2 398 279;13 627;;;;;;;;;;;;;;;;;;
3100004;137;26;;2 075 404;15 149;;;;;;;;;;;;;;;;;;
3100004;198;26;;2 398 279;12 113;;;;;;;;;;;;;;;;;;
3100004;169;26;;2 398 279;14 191;;;;;;;;;;;;;;;;;;
3100004;135;26;;2 075 404;15 373;;;;;;;;;;;;;;;;;;
3100004;210;27;;3 017 123;14 367;;;;;;;;;;;;;;;;;;
3100004;210;27;;3 017 123;14 367;;;;;;;;;;;;;;;;;;
3100004;210;27;;3 017 123;14 367;;;;;;;;;;;;;;;;;;
3100004;210;27;;3 017 123;14 367;;;;;;;;;;;;;;;;;;
3100005;350;25;;3 280 000;9 371;;;;;;;;;;;;;;;;;;
3100007;197;4;;1 709 956;8 680;;;;;;;;;;;;;;;;;;
3100007;173;5;;1 628 469;9 413;;;;;;;;;;;;;;;;;;
3100007;197;5;;1 730 969;8 787;;;;;;;;;;;;;;;;;;
3100007;323;23;;3 372 250;10 440;;;;;;;;;;;;;;;;;;
3100007;363;23;;3 577 250;9 855;;;;;;;;;;;;;;;;;;
;126;1;;1 405 000;11 186;;;;;;;;;;;;;;;;;;
;126;1;;1 385 000;11 027;;;;;;;;;;;;;;;;;;
;126;2;;1 430 000;11 385;;;;;;;;;;;;;;;;;;
;126;2;;1 415 000;11 266;;;;;;;;;;;;;;;;;;
;126;3;;1 405 000;11 186;;;;;;;;;;;;;;;;;;
;126;4;;1 460 000;11 624;;;;;;;;;;;;;;;;;;
;126;5;;1 425 000;11 346;;;;;;;;;;;;;;;;;;
;126;5;;1 465 000;11 664;;;;;;;;;;;;;;;;;;
;126;6;;1 410 000;11 226;;;;;;;;;;;;;;;;;;
;126;6;;1 450 000;11 545;;;;;;;;;;;;;;;;;;
;126;7;;1 480 000;11 783;;;;;;;;;;;;;;;;;;
3000001;130;2;2;1 809 000;13 930;;;;;;;;;;;;;;;;;;
3000001;130;3;2;1 832 000;14 108;;;;;;;;;;;;;;;;;;
3000001;130;3;2;1 808 000;13 923;;;;;;;;;;;;;;;;;;
3000001;130;4;2;1 855 000;14 285;;;;;;;;;;;;;;;;;;
3000001;130;4;2;1 831 000;14 100;;;;;;;;;;;;;;;;;;
3000001;130;5;2;1 854 000;14 277;;;;;;;;;;;;;;;;;;
3000001;130;6;2;1 877 000;14 454;;;;;;;;;;;;;;;;;;
3000001;130;8;2;1 923 000;14 808;;;;;;;;;;;;;;;;;;
3000001;130;13;2;2 062 000;15 879;;;;;;;;;;;;;;;;;;
3000001;130;13;2;2 038 000;15 694;;;;;;;;;;;;;;;;;;
3000001;130;15;2;2 084 000;16 048;;;;;;;;;;;;;;;;;;
3000001;130;16;2;2 131 000;16 410;;;;;;;;;;;;;;;;;;
3000001;130;16;2;2 107 000;16 225;;;;;;;;;;;;;;;;;;
3000001;130;17;2;2 154 000;16 587;;;;;;;;;;;;;;;;;;
3000001;130;17;2;2 130 000;16 402;;;;;;;;;;;;;;;;;;
3000001;130;18;2;2 153 000;16 579;;;;;;;;;;;;;;;;;;
3000001;130;19;2;2 200 000;16 941;;;;;;;;;;;;;;;;;;
3000001;130;19;2;2 176 000;16 757;;;;;;;;;;;;;;;;;;
3000001;130;22;2;2 269 000;17 473;;;;;;;;;;;;;;;;;;
3000001;130;22;2;2 245 000;17 288;;;;;;;;;;;;;;;;;;
3000001;130;24;2;2 315 000;17 827;;;;;;;;;;;;;;;;;;
3000001;130;24;2;2 291 000;17 642;;;;;;;;;;;;;;;;;;
3000001;130;25;2;2 338 000;18 004;;;;;;;;;;;;;;;;;;
3000001;130;25;2;2 314 000;17 819;;;;;;;;;;;;;;;;;;
3000001;130;26;2;2 361 000;18 181;;;;;;;;;;;;;;;;;;
3000001;130;26;2;2 337 000;17 996;;;;;;;;;;;;;;;;;;
3000001;262;27;3;3 970 000;15 142;;;;;;;;;;;;;;;;;;
3000001;262;27;3;3 929 000;14 986;;;;;;;;;;;;;;;;;;
3900001;157;2;;2 500 000;15 970;;;;;;;;;;;;;;;;;;
3900001;113;2;;1 840 000;16 280;;;;;;;;;;;;;;;;;;
3900001;87;2;;1 300 000;14 898;;;;;;;;;;;;;;;;;;
3900001;113;2;;1 820 000;16 103;;;;;;;;;;;;;;;;;;
3900001;157;2;;2 660 000;16 992;;;;;;;;;;;;;;;;;;
3900001;157;3;;2 610 000;16 673;;;;;;;;;;;;;;;;;;
3900001;113;3;;1 850 000;16 369;;;;;;;;;;;;;;;;;;
3900001;87;3;;1 360 000;15 586;;;;;;;;;;;;;;;;;;
3900001;113;3;;1 860 000;16 457;;;;;;;;;;;;;;;;;;
3900001;157;3;;2 710 000;17 312;;;;;;;;;;;;;;;;;;
3900001;157;4;;2 650 000;16 929;;;;;;;;;;;;;;;;;;
3900001;113;4;;1 870 000;16 546;;;;;;;;;;;;;;;;;;
3900001;87;4;;1 430 000;16 388;;;;;;;;;;;;;;;;;;
3900001;113;4;;1 880 000;16 634;;;;;;;;;;;;;;;;;;
3900001;157;4;;2 800 000;17 887;;;;;;;;;;;;;;;;;;
3900001;157;5;;2 690 000;17 184;;;;;;;;;;;;;;;;;;
3900001;113;5;;1 890 000;16 723;;;;;;;;;;;;;;;;;;
3900001;87;5;;1 450 000;16 617;;;;;;;;;;;;;;;;;;
3900001;113;5;;1 900 000;16 811;;;;;;;;;;;;;;;;;;
3900001;157;5;;2 890 000;18 462;;;;;;;;;;;;;;;;;;
3900001;157;6;;2 720 000;17 376;;;;;;;;;;;;;;;;;;
3900001;113;6;;1 900 000;16 811;;;;;;;;;;;;;;;;;;
3900001;87;6;;1 480 000;16 961;;;;;;;;;;;;;;;;;;
3900001;113;6;;1 940 000;17 165;;;;;;;;;;;;;;;;;;
3900001;157;6;;2 975 000;19 005;;;;;;;;;;;;;;;;;;
3900001;157;7;;2 800 000;17 887;;;;;;;;;;;;;;;;;;
3900001;113;7;;1 980 000;17 519;;;;;;;;;;;;;;;;;;
3900001;87;7;;1 500 000;17 190;;;;;;;;;;;;;;;;;;
3900001;113;7;;1 990 000;17 608;;;;;;;;;;;;;;;;;;
3900001;157;7;;3 050 000;19 484;;;;;;;;;;;;;;;;;;
3900001;157;9;;2 860 000;18 270;;;;;;;;;;;;;;;;;;
3900001;113;9;;2 065 000;18 271;;;;;;;;;;;;;;;;;;
3900001;87;9;;1 540 000;17 648;;;;;;;;;;;;;;;;;;
3900001;113;9;;2 080 000;18 404;;;;;;;;;;;;;;;;;;
3900001;157;9;;3 210 000;20 506;;;;;;;;;;;;;;;;;;
3900001;157;10;;2 900 000;18 526;;;;;;;;;;;;;;;;;;
3900001;113;10;;2 100 000;18 581;;;;;;;;;;;;;;;;;;
3900001;87;10;;1 560 000;17 878;;;;;;;;;;;;;;;;;;
3900001;113;10;;2 100 000;18 581;;;;;;;;;;;;;;;;;;
3900001;157;10;;3 350 000;21 400;;;;;;;;;;;;;;;;;;
3900001;157;11;;2 970 000;18 973;;;;;;;;;;;;;;;;;;
3900001;113;11;;2 135 000;18 890;;;;;;;;;;;;;;;;;;
3900001;87;11;;1 580 000;18 107;;;;;;;;;;;;;;;;;;
3900001;113;11;;2 170 000;19 200;;;;;;;;;;;;;;;;;;
3900001;157;11;;3 440 000;21 975;;;;;;;;;;;;;;;;;;
3900001;157;12;;3 050 000;19 484;;;;;;;;;;;;;;;;;;
3900001;113;12;;2 190 000;19 377;;;;;;;;;;;;;;;;;;
3900001;87;12;;1 590 000;18 221;;;;;;;;;;;;;;;;;;
3900001;113;12;;2 200 000;19 466;;;;;;;;;;;;;;;;;;
3900001;157;12;;3 550 000;22 678;;;;;;;;;;;;;;;;;;
3900001;157;13;;3 120 000;19 931;;;;;;;;;;;;;;;;;;
3900001;113;13;;2 220 000;19 643;;;;;;;;;;;;;;;;;;
3900001;87;13;;1 600 000;18 336;;;;;;;;;;;;;;;;;;
3900001;113;13;;2 230 000;19 731;;;;;;;;;;;;;;;;;;
3900001;157;13;;3 630 000;23 189;;;;;;;;;;;;;;;;;;
3900001;157;14;;3 200 000;20 442;;;;;;;;;;;;;;;;;;
3900001;113;14;;2 250 000;19 908;;;;;;;;;;;;;;;;;;
3900001;87;14;;1 620 000;18 565;;;;;;;;;;;;;;;;;;
3900001;113;14;;2 250 000;19 908;;;;;;;;;;;;;;;;;;
3900001;157;14;;3 690 000;23 572;;;;;;;;;;;;;;;;;;
3900001;157;15;;3 250 000;20 761;;;;;;;;;;;;;;;;;;
3900001;113;15;;2 290 000;20 262;;;;;;;;;;;;;;;;;;
3900001;87;15;;1 640 000;18 794;;;;;;;;;;;;;;;;;;
3900001;113;15;;2 300 000;20 350;;;;;;;;;;;;;;;;;;
3900001;157;15;;3 730 000;23 828;;;;;;;;;;;;;;;;;;
3900001;157;16;;3 300 000;21 081;;;;;;;;;;;;;;;;;;
3900001;113;16;;2 330 000;20 616;;;;;;;;;;;;;;;;;;
3900001;87;16;;1 660 000;19 024;;;;;;;;;;;;;;;;;;
3900001;113;16;;2 320 000;20 527;;;;;;;;;;;;;;;;;;
3900001;157;16;;3 780 000;24 147;;;;;;;;;;;;;;;;;;
3900001;157;18;;3 350 000;21 400;;;;;;;;;;;;;;;;;;
3900001;113;18;;2 350 000;20 793;;;;;;;;;;;;;;;;;;
3900001;87;18;;1 685 000;19 310;;;;;;;;;;;;;;;;;;
3900001;113;18;;2 350 000;20 793;;;;;;;;;;;;;;;;;;
3900001;157;18;;3 800 000;24 275;;;;;;;;;;;;;;;;;;
3900001;157;19;;3 420 000;21 847;;;;;;;;;;;;;;;;;;
3900001;113;19;;2 373 000;20 996;;;;;;;;;;;;;;;;;;
3900001;87;19;;1 710 000;19 597;;;;;;;;;;;;;;;;;;
3900001;113;19;;2 365 000;20 925;;;;;;;;;;;;;;;;;;
3900001;157;19;;3 850 000;24 594;;;;;;;;;;;;;;;;;;
3900001;157;20;;3 500 000;22 359;;;;;;;;;;;;;;;;;;
3900001;113;20;;2 430 000;21 501;;;;;;;;;;;;;;;;;;
3900001;87;20;;1 750 000;20 055;;;;;;;;;;;;;;;;;;
3900001;113;20;;2 395 000;21 191;;;;;;;;;;;;;;;;;;
3900001;157;20;;3 900 000;24 914;;;;;;;;;;;;;;;;;;
3900001;313;21;;4 450 000;14 212;;;;;;;;;;;;;;;;;;
3900001;226;21;;3 600 000;15 938;;;;;;;;;;;;;;;;;;
3900001;174;21;;3 100 000;17 773;;;;;;;;;;;;;;;;;;
3900001;226;21;;3 700 000;16 394;;;;;;;;;;;;;;;;;;
3900001;313;21;;6 200 000;19 801;;;;;;;;;;;;;;;;;;
2900004;131;18;2;2 245 000;17 190;;;;;;;;;;;;;;;;;;
2900004;161;20;3;2 945 000;18 326;;;;;;;;;;;;;;;;;;
2900004;131;20;2;2 285 000;17 496;;;;;;;;;;;;;;;;;;
2900004;88;20;1;1 665 000;19 018;;;;;;;;;;;;;;;;;;
2900004;87;20;1;1 800 000;20 595;;;;;;;;;;;;;;;;;;
2900004;88;20;1;1 700 000;19 417;;;;;;;;;;;;;;;;;;
2900004;131;20;2;2 335 000;17 879;;;;;;;;;;;;;;;;;;
2900004;170;18;2;2 610 000;15 362;;;;;;;;;;;;;;;;;;
2900004;124;18;2;2 330 000;18 783;;;;;;;;;;;;;;;;;;
2900004;124;18;2;2 385 000;19 226;;;;;;;;;;;;;;;;;;
2900004;131;18;2;2 415 000;18 492;;;;;;;;;;;;;;;;;;
2900004;193;20;3;3 205 000;16 628;;;;;;;;;;;;;;;;;;
2900004;88;18;1;1 625 000;18 561;;;;;;;;;;;;;;;;;;
2900004;87;18;1;1 760 000;20 137;;;;;;;;;;;;;;;;;;
2900004;170;18;2;2 295 000;13 508;;;;;;;;;;;;;;;;;;
2900004;131;12;2;2 245 000;17 190;;;;;;;;;;;;;;;;;;
2900004;124;12;2;2 210 000;17 815;;;;;;;;;;;;;;;;;;
2900004;124;12;2;2 265 000;18 259;;;;;;;;;;;;;;;;;;
2900004;131;12;2;2 295 000;17 573;;;;;;;;;;;;;;;;;;
2900004;131;12;2;2 125 000;16 271;;;;;;;;;;;;;;;;;;
2900004;88;12;1;1 505 000;17 190;;;;;;;;;;;;;;;;;;
2900004;193;22;3;3 315 000;17 198;;;;;;;;;;;;;;;;;;
2900004;250;26;3;4 605 000;18 413;;;;;;;;;;;;;;;;;;
2900004;266;26;3;4 785 000;18 016;;;;;;;;;;;;;;;;;;
2900004;266;26;3;4 590 000;17 282;;;;;;;;;;;;;;;;;;
2900004;250;26;3;4 495 000;17 973;;;;;;;;;;;;;;;;;;
2900004;250;26;3;4 575 000;18 293;;;;;;;;;;;;;;;;;;
2900004;185;26;2;2 770 000;14 949;;;;;;;;;;;;;;;;;;
2900004;185;26;2;2 700 000;14 571;;;;;;;;;;;;;;;;;;
2900004;193;22;3;3 245 000;16 835;;;;;;;;;;;;;;;;;;
2900004;161;22;3;2 985 000;18 575;;;;;;;;;;;;;;;;;;
2900004;87;12;1;1 640 000;18 764;;;;;;;;;;;;;;;;;;
2900004;193;22;3;3 155 000;16 368;;;;;;;;;;;;;;;;;;
2900004;161;22;3;2 895 000;18 015;;;;;;;;;;;;;;;;;;
2900004;193;22;3;3 220 000;16 706;;;;;;;;;;;;;;;;;;
2900004;193;21;3;3 225 000;16 732;;;;;;;;;;;;;;;;;;
2900004;161;21;3;2 965 000;18 451;;;;;;;;;;;;;;;;;;
2900004;193;21;3;3 295 000;17 095;;;;;;;;;;;;;;;;;;
2900004;193;21;3;3 135 000;16 265;;;;;;;;;;;;;;;;;;
2900004;161;21;3;2 875 000;17 890;;;;;;;;;;;;;;;;;;
2900004;193;21;3;3 200 000;16 602;;;;;;;;;;;;;;;;;;
2900004;124;3;2;2 030 000;16 364;;;;;;;;;;;;;;;;;;
2900004;131;5;2;1 985 000;15 199;;;;;;;;;;;;;;;;;;
2900004;131;5;2;2 035 000;15 582;;;;;;;;;;;;;;;;;;
2900004;131;4;2;2 085 000;15 965;;;;;;;;;;;;;;;;;;
2900004;124;4;2;2 050 000;16 526;;;;;;;;;;;;;;;;;;
2900004;124;4;2;2 105 000;16 969;;;;;;;;;;;;;;;;;;
2900004;131;4;2;2 135 000;16 348;;;;;;;;;;;;;;;;;;
2900004;131;4;2;1 965 000;15 046;;;;;;;;;;;;;;;;;;
2900004;87;4;1;1 480 000;16 934;;;;;;;;;;;;;;;;;;
2900004;131;4;2;2 015 000;15 429;;;;;;;;;;;;;;;;;;
2900004;131;3;2;2 065 000;15 812;;;;;;;;;;;;;;;;;;
2900004;131;5;2;2 155 000;16 501;;;;;;;;;;;;;;;;;;
2900004;124;3;2;2 085 000;16 808;;;;;;;;;;;;;;;;;;
2900004;131;3;2;2 115 000;16 194;;;;;;;;;;;;;;;;;;
2900004;131;3;2;1 945 000;14 893;;;;;;;;;;;;;;;;;;
2900004;131;3;2;1 995 000;15 276;;;;;;;;;;;;;;;;;;
2900004;170;2;2;2 290 000;13 479;;;;;;;;;;;;;;;;;;
2900004;124;2;2;2 010 000;16 203;;;;;;;;;;;;;;;;;;
2900004;124;2;2;2 065 000;16 647;;;;;;;;;;;;;;;;;;
2900004;131;2;2;2 095 000;16 041;;;;;;;;;;;;;;;;;;
2900004;131;2;2;1 925 000;14 740;;;;;;;;;;;;;;;;;;
2900004;131;10;2;2 135 000;16 348;;;;;;;;;;;;;;;;;;
2900004;88;12;1;1 540 000;17 590;;;;;;;;;;;;;;;;;;
2900004;131;12;2;2 175 000;16 654;;;;;;;;;;;;;;;;;;
2900004;131;10;2;2 205 000;16 884;;;;;;;;;;;;;;;;;;
2900004;124;10;2;2 170 000;17 493;;;;;;;;;;;;;;;;;;
2900004;124;10;2;2 225 000;17 936;;;;;;;;;;;;;;;;;;
2900004;131;10;2;2 255 000;17 266;;;;;;;;;;;;;;;;;;
2900004;131;10;2;2 085 000;15 965;;;;;;;;;;;;;;;;;;
2900004;88;10;1;1 465 000;16 733;;;;;;;;;;;;;;;;;;
2900004;88;10;1;1 500 000;17 133;;;;;;;;;;;;;;;;;;
2900004;170;2;2;2 220 000;13 067;;;;;;;;;;;;;;;;;;
2900004;131;6;2;2 125 000;16 271;;;;;;;;;;;;;;;;;;
2900004;124;6;2;2 090 000;16 848;;;;;;;;;;;;;;;;;;
2900004;124;6;2;2 145 000;17 291;;;;;;;;;;;;;;;;;;
2900004;131;6;2;2 175 000;16 654;;;;;;;;;;;;;;;;;;
2900004;131;6;2;2 005 000;15 352;;;;;;;;;;;;;;;;;;
2900004;87;6;1;1 520 000;17 391;;;;;;;;;;;;;;;;;;
2900004;131;6;2;2 055 000;15 735;;;;;;;;;;;;;;;;;;
2900004;131;5;2;2 105 000;16 118;;;;;;;;;;;;;;;;;;
2900004;124;5;2;2 070 000;16 687;;;;;;;;;;;;;;;;;;
100004;120;;2;1 293 000;10 775;;;;;;;;;;;;;;;;;;
100004;127;;2;1 449 000;11 409;;;;;;;;;;;;;;;;;;
100004;162;;3;1 585 000;9 784;;;;;;;;;;;;;;;;;;
100004;160;;3;1 609 921;10 062;;;;;;;;;;;;;;;;;;
100004;169;;3;1 750 369;10 357;;;;;;;;;;;;;;;;;;
100004;182;;4;1 829 112;10 050;;;;;;;;;;;;;;;;;;
100004;183;;4;1 926 520;10 527;;;;;;;;;;;;;;;;;;
100004;308;;4;2 720 305;8 832;;;;;;;;;;;;;;;;;;
100004;389;;4;2 775 973;7 136;;;;;;;;;;;;;;;;;;
2000001;109;;3;1 499 000;13 752;;;;;;;;;;;;;;;;;;
2000001;92;;3;1 599 000;17 380;;;;;;;;;;;;;;;;;;
2000002;165;;3;1 299 000;7 873;;;;;;;;;;;;;;;;;;
2000002;79;;3;999 000;12 646;;;;;;;;;;;;;;;;;;
2000003;110;;3;1 699 000;15 445;;;;;;;;;;;;;;;;;;
2000003;125;;3;1 599 000;12 792;;;;;;;;;;;;;;;;;;
2000004;99;;2;1 649 000;16 657;;;;;;;;;;;;;;;;;;
2000004;137;;3;1 879 000;13 715;;;;;;;;;;;;;;;;;;
2000004;82;;2;1 299 000;15 841;;;;;;;;;;;;;;;;;;
2000005;116;;3;1 529 000;13 181;;;;;;;;;;;;;;;;;;
2000005;149;;4;1 839 000;12 342;;;;;;;;;;;;;;;;;;
2000005;125;;3;1 459 000;11 672;;;;;;;;;;;;;;;;;;
2000005;164;;4;1 999 000;12 189;;;;;;;;;;;;;;;;;;
2000005;164;;4;1 999 000;12 189;;;;;;;;;;;;;;;;;;
2000006;140;;3;1 699 000;12 136;;;;;;;;;;;;;;;;;;
2000006;135;;3;1 549 000;11 474;;;;;;;;;;;;;;;;;;
2000006;135;;3;1 549 000;11 474;;;;;;;;;;;;;;;;;;
2000006;126;;3;1 779 000;14 119;;;;;;;;;;;;;;;;;;
2000006;133;;3;1 849 000;13 902;;;;;;;;;;;;;;;;;;
2000006;135;;3;1 549 000;11 474;;;;;;;;;;;;;;;;;;
2000006;114;;3;1 999 000;17 535;;;;;;;;;;;;;;;;;;
2000006;114;;3;1 999 000;17 535;;;;;;;;;;;;;;;;;;
2000007;93;;1;1 499 000;16 118;;;;;;;;;;;;;;;;;;
2000007;108;;2;1 699 000;15 731;;;;;;;;;;;;;;;;;;
2000007;136;;3;2 149 000;15 801;;;;;;;;;;;;;;;;;;
2000007;136;;3;1 989 000;14 625;;;;;;;;;;;;;;;;;;
2000007;136;;3;1 939 000;14 257;;;;;;;;;;;;;;;;;;
2000007;136;;3;1 939 000;14 257;;;;;;;;;;;;;;;;;;
2000007;136;;3;1 989 000;14 625;;;;;;;;;;;;;;;;;;
2000007;136;;3;1 799 000;13 228;;;;;;;;;;;;;;;;;;
2000007;136;;3;1 799 000;13 228;;;;;;;;;;;;;;;;;;
2000008;139;;2;2 099 000;15 101;;;;;;;;;;;;;;;;;;
2000008;112;;3;1 739 000;15 527;;;;;;;;;;;;;;;;;;
2000008;112;;3;1 739 000;15 527;;;;;;;;;;;;;;;;;;
2000008;98;;1;1 399 000;14 276;;;;;;;;;;;;;;;;;;
2000008;126;;3;1 689 000;13 405;;;;;;;;;;;;;;;;;;
2000008;115;;3;1 589 000;13 817;;;;;;;;;;;;;;;;;;
2000008;115;;3;1 589 000;13 817;;;;;;;;;;;;;;;;;;
2000008;101;;2;1 389 000;13 752;;;;;;;;;;;;;;;;;;
2000008;103;;2;1 389 000;13 485;;;;;;;;;;;;;;;;;;
2000008;111;;3;1 999 000;18 009;;;;;;;;;;;;;;;;;;
2000009;95;;2;1 399 000;14 726;;;;;;;;;;;;;;;;;;
2000009;111;;3;1 699 000;15 306;;;;;;;;;;;;;;;;;;
2000009;105;;3;1 399 000;13 324;;;;;;;;;;;;;;;;;;
2000009;139;;3;1 799 000;12 942;;;;;;;;;;;;;;;;;;
2000009;130;;3;1 699 000;13 069;;;;;;;;;;;;;;;;;;
2000009;119;;3;1 599 000;13 437;;;;;;;;;;;;;;;;;;
2000009;140;;3;1 799 000;12 850;;;;;;;;;;;;;;;;;;
2000009;130;;3;1 699 000;13 069;;;;;;;;;;;;;;;;;;
2000009;117;;3;1 599 000;13 667;;;;;;;;;;;;;;;;;;
2000009;98;;3;1 399 000;14 276;;;;;;;;;;;;;;;;;;
2000009;87;;3;1 399 000;16 080;;;;;;;;;;;;;;;;;;
2000010;112;;2;1 799 000;16 063;;;;;;;;;;;;;;;;;;
2000010;108;;3;1 969 000;18 231;;;;;;;;;;;;;;;;;;
2000010;117;;2;1 899 000;16 231;;;;;;;;;;;;;;;;;;
2000010;117;;2;1 899 000;16 231;;;;;;;;;;;;;;;;;;
2000010;118;;2;1 899 000;16 093;;;;;;;;;;;;;;;;;;
2000010;108;;3;1 969 000;18 231;;;;;;;;;;;;;;;;;;
2000010;123;;3;2 119 000;17 228;;;;;;;;;;;;;;;;;;
2000010;112;;2;1 779 000;15 884;;;;;;;;;;;;;;;;;;
2000010;124;;2;1 939 000;15 637;;;;;;;;;;;;;;;;;;
2000010;124;;2;1 939 000;15 637;;;;;;;;;;;;;;;;;;
2000010;147;;3;2 249 000;15 299;;;;;;;;;;;;;;;;;;
2000010;170;;3;2 679 000;15 759;;;;;;;;;;;;;;;;;;
2000010;134;;3;2 139 000;15 963;;;;;;;;;;;;;;;;;;
2000010;134;;3;2 139 000;15 963;;;;;;;;;;;;;;;;;;
2000010;170;;3;2 679 000;15 759;;;;;;;;;;;;;;;;;;
2000010;147;;3;2 249 000;15 299;;;;;;;;;;;;;;;;;;
2000010;124;;2;1 939 000;15 637;;;;;;;;;;;;;;;;;;
2000010;89;;2;1 559 000;17 517;;;;;;;;;;;;;;;;;;
2000010;89;;2;1 559 000;17 517;;;;;;;;;;;;;;;;;;
2000010;107;;2;1 849 000;17 280;;;;;;;;;;;;;;;;;;
2000010;163;;3;2 579 000;15 822;;;;;;;;;;;;;;;;;;
2000010;128;;3;2 049 000;16 008;;;;;;;;;;;;;;;;;;
2000010;128;;3;2 049 000;16 008;;;;;;;;;;;;;;;;;;
2000010;163;;3;2 579 000;15 822;;;;;;;;;;;;;;;;;;
2000010;107;;2;1 849 000;17 280;;;;;;;;;;;;;;;;;;
2000010;89;;2;1 559 000;17 517;;;;;;;;;;;;;;;;;;
2000010;111;;3;2 699 000;24 315;;;;;;;;;;;;;;;;;;
2000010;97;;2;1 679 000;17 309;;;;;;;;;;;;;;;;;;
2000010;97;;2;1 679 000;17 309;;;;;;;;;;;;;;;;;;
2000010;111;;3;2 699 000;24 315;;;;;;;;;;;;;;;;;;
2000011;104;;2;1 919 000;18 452;;;;;;;;;;;;;;;;;;
2000011;131;;3;2 349 000;17 931;;;;;;;;;;;;;;;;;;
2000011;135;;3;2 139 000;15 844;;;;;;;;;;;;;;;;;;
2000011;139;;3;2 249 000;16 180;;;;;;;;;;;;;;;;;;
2000011;134;;3;2 179 000;16 261;;;;;;;;;;;;;;;;;;
2000011;130;;3;2 119 000;16 300;;;;;;;;;;;;;;;;;;
2000011;139;;3;2 249 000;16 180;;;;;;;;;;;;;;;;;;
2000011;134;;3;2 179 000;16 261;;;;;;;;;;;;;;;;;;
2000011;91;;3;2 199 000;24 165;;;;;;;;;;;;;;;;;;
2000011;91;;3;2 199 000;24 165;;;;;;;;;;;;;;;;;;
2000015;78;;;1 379 000;17 679;;;;;;;;;;;;;;;;;;
2000015;108;;;2 239 000;20 731;;;;;;;;;;;;;;;;;;
2000015;132;;;2 499 000;18 932;;;;;;;;;;;;;;;;;;
2000015;119;;;2 049 000;17 218;;;;;;;;;;;;;;;;;;
2000015;126;;;2 169 000;17 214;;;;;;;;;;;;;;;;;;
2000015;130;;;2 189 000;16 838;;;;;;;;;;;;;;;;;;
2000015;132;;;2 219 000;16 811;;;;;;;;;;;;;;;;;;
2000015;119;;;2 049 000;17 218;;;;;;;;;;;;;;;;;;
2000015;126;;;2 169 000;17 214;;;;;;;;;;;;;;;;;;
2000015;121;;;2 069 000;17 099;;;;;;;;;;;;;;;;;;
2000015;123;;;2 099 000;17 065;;;;;;;;;;;;;;;;;;
2000015;108;;;2 219 000;20 546;;;;;;;;;;;;;;;;;;
2000015;108;;;2 219 000;20 546;;;;;;;;;;;;;;;;;;
200007;128;;;1 669 000;13 039;;;;;;;;;;;;;;;;;;
200007;139;;;1 779 000;12 799;;;;;;;;;;;;;;;;;;
200007;133;;;1 649 000;12 398;;;;;;;;;;;;;;;;;;
200007;120;;;1 529 000;12 742;;;;;;;;;;;;;;;;;;
200007;120;;;1 669 000;13 908;;;;;;;;;;;;;;;;;;
200007;128;;;1 669 000;13 039;;;;;;;;;;;;;;;;;;
200007;139;;;1 819 000;13 086;;;;;;;;;;;;;;;;;;
200007;143;;;1 939 000;13 559;;;;;;;;;;;;;;;;;;
200007;133;;;1 849 000;13 902;;;;;;;;;;;;;;;;;;
200007;139;;;1 799 000;12 942;;;;;;;;;;;;;;;;;;
200007;143;;;1 959 000;13 699;;;;;;;;;;;;;;;;;;
200007;214;;;2 029 000;9 481;;;;;;;;;;;;;;;;;;
200007;214;;;2 029 000;9 481;;;;;;;;;;;;;;;;;;
200007;121;;;1 529 000;12 636;;;;;;;;;;;;;;;;;;
200007;133;;;1 679 000;12 624;;;;;;;;;;;;;;;;;;
200007;142;;;1 899 000;13 373;;;;;;;;;;;;;;;;;;
200007;142;;;1 939 000;13 655;;;;;;;;;;;;;;;;;;
200007;214;;;1 999 000;9 341;;;;;;;;;;;;;;;;;;
200007;214;;;1 999 000;9 341;;;;;;;;;;;;;;;;;;
200007;120;;;1 669 000;13 908;;;;;;;;;;;;;;;;;;
200007;129;;;1 699 000;13 171;;;;;;;;;;;;;;;;;;
200007;133;;;1 869 000;14 053;;;;;;;;;;;;;;;;;;
200007;129;;;1 699 000;13 171;;;;;;;;;;;;;;;;;;
200007;158;;;1 859 000;11 766;;;;;;;;;;;;;;;;;;
200007;209;;;2 129 000;10 187;;;;;;;;;;;;;;;;;;
200007;126;;;1 699 000;13 484;;;;;;;;;;;;;;;;;;
200007;132;;;1 729 000;13 098;;;;;;;;;;;;;;;;;;
200007;132;;;1 779 000;13 477;;;;;;;;;;;;;;;;;;
200007;192;;;1 779 000;9 266;;;;;;;;;;;;;;;;;;
200007;176;;;1 739 000;9 881;;;;;;;;;;;;;;;;;;
200011;127;;;1 759 000;13 850;;;;;;;;;;;;;;;;;;
200011;132;;;1 459 000;11 053;;;;;;;;;;;;;;;;;;
200011;152;;;1 599 000;10 520;;;;;;;;;;;;;;;;;;
200011;149;;;1 559 000;10 463;;;;;;;;;;;;;;;;;;
200011;163;;;1 789 000;10 975;;;;;;;;;;;;;;;;;;
200011;140;;;1 599 000;11 421;;;;;;;;;;;;;;;;;;
200011;155;;;1 799 000;11 606;;;;;;;;;;;;;;;;;;
200011;163;;;1 839 000;11 282;;;;;;;;;;;;;;;;;;
200011;152;;;1 689 000;11 112;;;;;;;;;;;;;;;;;;
200011;143;;;2 049 000;14 329;;;;;;;;;;;;;;;;;;
200011;155;;;1 799 000;11 606;;;;;;;;;;;;;;;;;;
200011;243;;;1 599 000;6 580;;;;;;;;;;;;;;;;;;
200011;263;;;2 069 000;7 867;;;;;;;;;;;;;;;;;;
200011;159;;;1 599 000;10 057;;;;;;;;;;;;;;;;;;
200011;86;;;979 000;11 384;;;;;;;;;;;;;;;;;;
200011;147;;;1 759 000;11 966;;;;;;;;;;;;;;;;;;
200011;155;;;1 779 000;11 477;;;;;;;;;;;;;;;;;;
200011;140;;;1 549 000;11 064;;;;;;;;;;;;;;;;;;
200011;142;;;1 599 000;11 261;;;;;;;;;;;;;;;;;;
200011;155;;;1 799 000;11 606;;;;;;;;;;;;;;;;;;
200011;143;;;1 529 000;10 692;;;;;;;;;;;;;;;;;;
200011;213;;;1 959 000;9 197;;;;;;;;;;;;;;;;;;
200011;244;;;2 049 000;8 398;;;;;;;;;;;;;;;;;;
200011;182;;;1 679 000;9 225;;;;;;;;;;;;;;;;;;
200011;193;;;1 659 000;8 596;;;;;;;;;;;;;;;;;;
200011;185;;;1 639 000;8 859;;;;;;;;;;;;;;;;;;
200011;89;;;979 000;11 000;;;;;;;;;;;;;;;;;;
200011;134;;;1 539 000;11 485;;;;;;;;;;;;;;;;;;
200011;122;;;1 489 000;12 205;;;;;;;;;;;;;;;;;;
200011;200;;;1 689 000;8 445;;;;;;;;;;;;;;;;;;
200009;194;;;1 659 000;8 552;;;;;;;;;;;;;;;;;;
200009;178;;;1 589 000;8 927;;;;;;;;;;;;;;;;;;
200009;144;;;1 289 000;8 951;;;;;;;;;;;;;;;;;;
200009;119;;;1 429 000;12 008;;;;;;;;;;;;;;;;;;
200009;136;;;1 459 000;10 728;;;;;;;;;;;;;;;;;;
200009;186;;;1 699 000;9 134;;;;;;;;;;;;;;;;;;
200009;146;;;1 559 000;10 678;;;;;;;;;;;;;;;;;;
200009;100;;;1 289 000;12 890;;;;;;;;;;;;;;;;;;
200009;100;;;1 289 000;12 890;;;;;;;;;;;;;;;;;;
200009;100;;;1 219 000;12 190;;;;;;;;;;;;;;;;;;
200009;136;;;1 359 000;9 993;;;;;;;;;;;;;;;;;;
200009;110;;;1 099 000;9 991;;;;;;;;;;;;;;;;;;
200009;141;;;1 599 000;11 340;;;;;;;;;;;;;;;;;;
200009;100;;;1 299 000;12 990;;;;;;;;;;;;;;;;;;
200009;274;;;2 169 000;7 916;;;;;;;;;;;;;;;;;;
200009;133;;;1 369 000;10 293;;;;;;;;;;;;;;;;;;
200009;141;;;1 579 000;11 199;;;;;;;;;;;;;;;;;;
200009;186;;;1 699 000;9 134;;;;;;;;;;;;;;;;;;
200009;160;;;1 589 000;9 931;;;;;;;;;;;;;;;;;;
200009;134;;;1 369 000;10 216;;;;;;;;;;;;;;;;;;
200009;179;;;1 589 000;8 877;;;;;;;;;;;;;;;;;;
200009;162;;;1 369 000;8 451;;;;;;;;;;;;;;;;;;
200009;101;;;1 219 000;12 069;;;;;;;;;;;;;;;;;;
200009;100;;;1 289 000;12 890;;;;;;;;;;;;;;;;;;
200009;100;;;1 289 000;12 890;;;;;;;;;;;;;;;;;;
200009;119;;;1 429 000;12 008;;;;;;;;;;;;;;;;;;
200009;140;;;1 539 000;10 993;;;;;;;;;;;;;;;;;;
200009;119;;;1 369 000;11 504;;;;;;;;;;;;;;;;;;
200009;190;;;1 669 000;8 784;;;;;;;;;;;;;;;;;;
200009;100;;;1 299 000;12 990;;;;;;;;;;;;;;;;;;
200006;161;;2;1 849 000;11 484;;;;;;;;;;;;;;;;;;
200006;180;;2;1 859 000;10 328;;;;;;;;;;;;;;;;;;
200006;170;;1;1 599 000;9 406;;;;;;;;;;;;;;;;;;
200006;162;;2;1 899 000;11 722;;;;;;;;;;;;;;;;;;
200003;295;;3;1 879 000;6 369;;;;;;;;;;;;;;;;;;
200004;169;2;3;528 843;3 135;;;;;;;;;;;;;;;;;;
200004;169;2;3;528 843;3 135;;;;;;;;;;;;;;;;;;
200004;169;1;3;571 242;3 386;;;;;;;;;;;;;;;;;;
200004;169;2;3;522 238;3 096;;;;;;;;;;;;;;;;;;
200004;169;2;3;522 238;3 096;;;;;;;;;;;;;;;;;;
200004;169;2;3;725 330;4 300;;;;;;;;;;;;;;;;;;
200004;162;2;3;542 697;3 346;;;;;;;;;;;;;;;;;;
4800001;210;;;3 849 000;18 329;;;;;;;;;;;;;;;;;;
4800004;220;;4;2 330 000;10 591;;;;;;;;;;;;;;;;;;
4800004;220;;4;2 330 000;10 591;;;;;;;;;;;;;;;;;;
4800004;220;;4;2 330 000;10 591;;;;;;;;;;;;;;;;;;
4800004;220;;4;2 330 000;10 591;;;;;;;;;;;;;;;;;;
4800004;220;;4;2 450 000;11 136;;;;;;;;;;;;;;;;;;
4800004;220;;4;2 750 000;12 500;;;;;;;;;;;;;;;;;;
4800004;220;;4;2 330 000;10 591;;;;;;;;;;;;;;;;;;
4800004;220;;4;2 330 000;10 591;;;;;;;;;;;;;;;;;;
4800004;220;;4;2 330 000;10 591;;;;;;;;;;;;;;;;;;
4800004;220;;4;2 360 000;10 727;;;;;;;;;;;;;;;;;;
4800004;220;;4;2 319 000;10 541;;;;;;;;;;;;;;;;;;
4800004;220;;4;2 319 000;10 541;;;;;;;;;;;;;;;;;;
4800004;214;;3;1 499 000;7 005;;;;;;;;;;;;;;;;;;
4800004;224;;3;1 649 000;7 362;;;;;;;;;;;;;;;;;;
4800004;214;;3;1 490 000;6 963;;;;;;;;;;;;;;;;;;
4800004;224;;3;1 649 000;7 362;;;;;;;;;;;;;;;;;;
6200001;115;;3;1 159 000;10 078;;;;;;;;;;;;;;;;;;
6200001;120;;2;1 159 000;9 658;;;;;;;;;;;;;;;;;;
6200001;133;;2;1 169 000;8 789;;;;;;;;;;;;;;;;;;
6200001;147;;2;1 169 000;7 952;;;;;;;;;;;;;;;;;;
6200001;121;;2;1 179 000;9 744;;;;;;;;;;;;;;;;;;
6200001;121;;2;1 179 000;9 744;;;;;;;;;;;;;;;;;;
6200001;121;;2;1 179 000;9 744;;;;;;;;;;;;;;;;;;
6200001;121;;2;1 179 000;9 744;;;;;;;;;;;;;;;;;;
6200001;121;;2;1 179 000;9 744;;;;;;;;;;;;;;;;;;
6200001;121;;2;1 179 000;9 744;;;;;;;;;;;;;;;;;;
6200001;121;;2;1 179 000;9 744;;;;;;;;;;;;;;;;;;
6200001;122;;2;1 179 000;9 664;;;;;;;;;;;;;;;;;;
6200001;122;;3;1 197 000;9 811;;;;;;;;;;;;;;;;;;
6200001;136;;3;1 197 000;8 801;;;;;;;;;;;;;;;;;;
6200001;135;;3;1 197 000;8 867;;;;;;;;;;;;;;;;;;
6200001;122;;3;1 197 000;9 811;;;;;;;;;;;;;;;;;;
6200001;124;;3;1 209 000;9 750;;;;;;;;;;;;;;;;;;
6200001;168;;2;1 209 000;7 196;;;;;;;;;;;;;;;;;;
6200001;124;;3;1 209 000;9 750;;;;;;;;;;;;;;;;;;
6200001;168;;2;1 209 000;7 196;;;;;;;;;;;;;;;;;;
6200001;168;;2;1 219 000;7 256;;;;;;;;;;;;;;;;;;
6200001;148;;3;1 229 000;8 304;;;;;;;;;;;;;;;;;;
6200001;132;;3;1 229 000;9 311;;;;;;;;;;;;;;;;;;
6200001;137;;3;1 229 000;8 971;;;;;;;;;;;;;;;;;;
6200001;132;;3;1 229 000;9 311;;;;;;;;;;;;;;;;;;
6200001;129;;3;1 239 000;9 605;;;;;;;;;;;;;;;;;;
6200001;129;;3;1 239 000;9 605;;;;;;;;;;;;;;;;;;
6200001;136;;3;1 239 000;9 110;;;;;;;;;;;;;;;;;;
6200001;131;;3;1 259 000;9 611;;;;;;;;;;;;;;;;;;
6200001;131;;3;1 259 000;9 611;;;;;;;;;;;;;;;;;;
6200001;146;;3;1 269 000;8 692;;;;;;;;;;;;;;;;;;
6200001;138;;3;1 279 000;9 268;;;;;;;;;;;;;;;;;;
6200001;131;;2;1 289 000;9 840;;;;;;;;;;;;;;;;;;
6200001;133;;2;1 297 000;9 752;;;;;;;;;;;;;;;;;;
6200001;131;;3;1 297 000;9 901;;;;;;;;;;;;;;;;;;
6200001;131;;3;1 297 000;9 901;;;;;;;;;;;;;;;;;;
6200001;145;;2;1 297 000;8 945;;;;;;;;;;;;;;;;;;
6200001;149;;3;1 297 000;8 705;;;;;;;;;;;;;;;;;;
6200001;133;;2;1 297 000;9 752;;;;;;;;;;;;;;;;;;
6200001;183;;3;1 309 000;7 153;;;;;;;;;;;;;;;;;;
6200001;134;;2;1 309 000;9 769;;;;;;;;;;;;;;;;;;
6200001;137;;3;1 309 000;9 555;;;;;;;;;;;;;;;;;;
6200001;142;;3;1 309 000;9 218;;;;;;;;;;;;;;;;;;
6200001;134;;2;1 309 000;9 769;;;;;;;;;;;;;;;;;;
6200001;141;;3;1 319 000;9 355;;;;;;;;;;;;;;;;;;
6200001;142;;3;1 319 000;9 289;;;;;;;;;;;;;;;;;;
6200001;135;;2;1 319 000;9 770;;;;;;;;;;;;;;;;;;
6200001;141;;3;1 319 000;9 355;;;;;;;;;;;;;;;;;;
6200001;143;;3;1 329 000;9 294;;;;;;;;;;;;;;;;;;
6200001;143;;3;1 329 000;9 294;;;;;;;;;;;;;;;;;;
6200001;136;;2;1 329 000;9 772;;;;;;;;;;;;;;;;;;
6200001;181;;3;1 349 000;7 453;;;;;;;;;;;;;;;;;;
6200001;142;;2;1 359 000;9 570;;;;;;;;;;;;;;;;;;
6200001;141;;2;1 359 000;9 638;;;;;;;;;;;;;;;;;;
6200001;139;;2;1 369 000;9 849;;;;;;;;;;;;;;;;;;
6200001;184;;3;1 379 000;7 495;;;;;;;;;;;;;;;;;;
6200001;184;;3;1 379 000;7 495;;;;;;;;;;;;;;;;;;
6200001;186;;3;1 379 000;7 414;;;;;;;;;;;;;;;;;;
6200001;193;;3;1 389 000;7 197;;;;;;;;;;;;;;;;;;
6200001;213;;3;1 389 000;6 521;;;;;;;;;;;;;;;;;;
6200001;145;;3;1 397 000;9 634;;;;;;;;;;;;;;;;;;
6200001;146;;3;1 409 000;9 651;;;;;;;;;;;;;;;;;;
6200001;146;;3;1 409 000;9 651;;;;;;;;;;;;;;;;;;
6200001;230;;3;1 419 000;6 170;;;;;;;;;;;;;;;;;;
6200001;230;;3;1 419 000;6 170;;;;;;;;;;;;;;;;;;
6200001;145;;2;1 439 000;9 924;;;;;;;;;;;;;;;;;;
6200001;227;;2;1 449 000;6 383;;;;;;;;;;;;;;;;;;
6200001;229;;3;1 449 000;6 328;;;;;;;;;;;;;;;;;;
6200001;146;;2;1 449 000;9 925;;;;;;;;;;;;;;;;;;
6200001;203;;3;1 449 000;7 138;;;;;;;;;;;;;;;;;;
6200001;147;;2;1 459 000;9 925;;;;;;;;;;;;;;;;;;
6200001;230;;3;1 459 000;6 343;;;;;;;;;;;;;;;;;;
6200001;266;;2;1 459 000;5 485;;;;;;;;;;;;;;;;;;
6200001;266;;2;1 469 000;5 523;;;;;;;;;;;;;;;;;;
6200001;294;;2;1 497 000;5 092;;;;;;;;;;;;;;;;;;
6200001;266;;2;1 497 000;5 628;;;;;;;;;;;;;;;;;;
6200001;274;;2;1 509 000;5 507;;;;;;;;;;;;;;;;;;
6200001;124;;2;1 559 000;12 573;;;;;;;;;;;;;;;;;;
6200002;87;;2;797 000;9 161;;;;;;;;;;;;;;;;;;
6200002;96;;2;879 000;9 156;;;;;;;;;;;;;;;;;;
6200002;96;;2;889 000;9 260;;;;;;;;;;;;;;;;;;
6200002;96;;2;889 000;9 260;;;;;;;;;;;;;;;;;;
6200002;97;;;897 000;9 247;;;;;;;;;;;;;;;;;;
6200002;100;;;919 000;9 190;;;;;;;;;;;;;;;;;;
6200002;96;;;919 000;9 573;;;;;;;;;;;;;;;;;;
6200002;101;;;929 000;9 198;;;;;;;;;;;;;;;;;;
6200002;104;;;949 000;9 125;;;;;;;;;;;;;;;;;;
6200002;103;;;949 000;9 214;;;;;;;;;;;;;;;;;;
6200002;104;;;959 000;9 221;;;;;;;;;;;;;;;;;;
6200002;107;;;969 000;9 056;;;;;;;;;;;;;;;;;;
6200002;108;;;979 000;9 065;;;;;;;;;;;;;;;;;;
6200002;107;;;979 000;9 150;;;;;;;;;;;;;;;;;;
6200002;107;;;979 000;9 150;;;;;;;;;;;;;;;;;;
6200002;115;;;989 000;8 600;;;;;;;;;;;;;;;;;;
6200002;115;;;989 000;8 600;;;;;;;;;;;;;;;;;;
6200002;115;;;989 000;8 600;;;;;;;;;;;;;;;;;;
6200002;108;;;997 000;9 231;;;;;;;;;;;;;;;;;;
6200002;110;;;997 000;9 064;;;;;;;;;;;;;;;;;;
6200002;122;;;997 000;8 172;;;;;;;;;;;;;;;;;;
6200002;110;;;1 009 000;9 173;;;;;;;;;;;;;;;;;;
6200002;110;;;1 009 000;9 173;;;;;;;;;;;;;;;;;;
6200002;109;;;1 019 000;9 349;;;;;;;;;;;;;;;;;;
6200002;104;;;1 029 000;9 894;;;;;;;;;;;;;;;;;;
6200002;115;;;1 039 000;9 035;;;;;;;;;;;;;;;;;;
6200002;108;;;1 049 000;9 713;;;;;;;;;;;;;;;;;;
6200002;111;;;1 049 000;9 450;;;;;;;;;;;;;;;;;;
6200002;112;;;1 059 000;9 455;;;;;;;;;;;;;;;;;;
6200002;117;;;1 059 000;9 051;;;;;;;;;;;;;;;;;;
6200002;116;;;1 059 000;9 129;;;;;;;;;;;;;;;;;;
6200002;107;;;1 069 000;9 991;;;;;;;;;;;;;;;;;;
6200002;114;;;1 079 000;9 465;;;;;;;;;;;;;;;;;;
6200002;117;;;1 079 000;9 222;;;;;;;;;;;;;;;;;;
6200002;119;;;1 079 000;9 067;;;;;;;;;;;;;;;;;;
6200002;116;;;1 097 000;9 457;;;;;;;;;;;;;;;;;;
6200002;121;;;1 097 000;9 066;;;;;;;;;;;;;;;;;;
6200002;118;;;1 109 000;9 398;;;;;;;;;;;;;;;;;;
6200002;118;;;1 109 000;9 398;;;;;;;;;;;;;;;;;;
6200002;119;;;1 119 000;9 403;;;;;;;;;;;;;;;;;;
6200002;113;;;1 119 000;9 903;;;;;;;;;;;;;;;;;;
6200002;120;;;1 129 000;9 408;;;;;;;;;;;;;;;;;;
6200002;120;;;1 129 000;9 408;;;;;;;;;;;;;;;;;;
6200002;122;;;1 139 000;9 336;;;;;;;;;;;;;;;;;;
6200002;120;;;1 139 000;9 492;;;;;;;;;;;;;;;;;;
6200002;120;;;1 139 000;9 492;;;;;;;;;;;;;;;;;;
6200002;116;;;1 149 000;9 905;;;;;;;;;;;;;;;;;;
6200002;119;;;1 149 000;9 655;;;;;;;;;;;;;;;;;;
6200002;116;;;1 149 000;9 905;;;;;;;;;;;;;;;;;;
6200002;117;;;1 149 000;9 821;;;;;;;;;;;;;;;;;;
6200002;121;;;1 149 000;9 496;;;;;;;;;;;;;;;;;;
6200002;116;;;1 149 000;9 905;;;;;;;;;;;;;;;;;;
6200002;116;;;1 149 000;9 905;;;;;;;;;;;;;;;;;;
6200002;116;;;1 149 000;9 905;;;;;;;;;;;;;;;;;;
6200002;117;;;1 159 000;9 906;;;;;;;;;;;;;;;;;;
6200002;117;;;1 159 000;9 906;;;;;;;;;;;;;;;;;;
6200002;115;;;1 159 000;10 078;;;;;;;;;;;;;;;;;;
6200002;120;;;1 169 000;9 742;;;;;;;;;;;;;;;;;;
6200002;146;;;1 169 000;8 007;;;;;;;;;;;;;;;;;;
6200002;150;;;1 179 000;7 860;;;;;;;;;;;;;;;;;;
6200002;130;;;1 179 000;9 069;;;;;;;;;;;;;;;;;;
6200002;119;;;1 189 000;9 992;;;;;;;;;;;;;;;;;;
6200002;122;;;1 189 000;9 746;;;;;;;;;;;;;;;;;;
6200002;139;;;1 197 000;8 612;;;;;;;;;;;;;;;;;;
6200002;120;;;1 197 000;9 975;;;;;;;;;;;;;;;;;;
6200002;120;;;1 197 000;9 975;;;;;;;;;;;;;;;;;;
6200002;121;;;1 209 000;9 992;;;;;;;;;;;;;;;;;;
6200002;121;;;1 209 000;9 992;;;;;;;;;;;;;;;;;;
6200002;131;;;1 209 000;9 229;;;;;;;;;;;;;;;;;;
6200002;122;;;1 219 000;9 992;;;;;;;;;;;;;;;;;;
6200002;127;;;1 239 000;9 756;;;;;;;;;;;;;;;;;;
6200002;125;;;1 249 000;9 992;;;;;;;;;;;;;;;;;;
6200002;128;;;1 259 000;9 836;;;;;;;;;;;;;;;;;;
6200002;128;;;1 259 000;9 836;;;;;;;;;;;;;;;;;;
6200002;134;;;1 259 000;9 396;;;;;;;;;;;;;;;;;;
6200002;128;;;1 259 000;9 836;;;;;;;;;;;;;;;;;;
6200002;133;;;1 259 000;9 466;;;;;;;;;;;;;;;;;;
6200002;128;;;1 269 000;9 914;;;;;;;;;;;;;;;;;;
6200002;133;;;1 269 000;9 541;;;;;;;;;;;;;;;;;;
6200002;188;;;1 269 000;6 750;;;;;;;;;;;;;;;;;;
6200002;130;;;1 269 000;9 762;;;;;;;;;;;;;;;;;;
6200002;95;;;1 279 000;13 463;;;;;;;;;;;;;;;;;;
6200002;128;;;1 279 000;9 992;;;;;;;;;;;;;;;;;;
6200002;164;;;1 279 000;7 799;;;;;;;;;;;;;;;;;;
6200002;181;;;1 279 000;7 066;;;;;;;;;;;;;;;;;;
6200002;131;;;1 289 000;9 840;;;;;;;;;;;;;;;;;;
6200002;132;;;1 289 000;9 765;;;;;;;;;;;;;;;;;;
6200002;158;;;1 289 000;8 158;;;;;;;;;;;;;;;;;;
6200002;132;;;1 289 000;9 765;;;;;;;;;;;;;;;;;;
6200002;131;;;1 289 000;9 840;;;;;;;;;;;;;;;;;;
6200002;131;;;1 289 000;9 840;;;;;;;;;;;;;;;;;;
6200002;131;;;1 289 000;9 840;;;;;;;;;;;;;;;;;;
6200002;133;;;1 309 000;9 842;;;;;;;;;;;;;;;;;;
6200002;134;;;1 309 000;9 769;;;;;;;;;;;;;;;;;;
6200002;137;;;1 319 000;9 628;;;;;;;;;;;;;;;;;;
6200002;133;;;1 319 000;9 917;;;;;;;;;;;;;;;;;;
6200002;155;;;1 329 000;8 574;;;;;;;;;;;;;;;;;;
6200002;182;;;1 329 000;7 302;;;;;;;;;;;;;;;;;;
6200002;138;;;1 329 000;9 630;;;;;;;;;;;;;;;;;;
6200002;133;;;1 329 000;9 992;;;;;;;;;;;;;;;;;;
6200002;139;;;1 339 000;9 633;;;;;;;;;;;;;;;;;;
6200002;171;;;1 339 000;7 830;;;;;;;;;;;;;;;;;;
6200002;138;;;1 349 000;9 775;;;;;;;;;;;;;;;;;;
6200002;185;;;1 349 000;7 292;;;;;;;;;;;;;;;;;;
6200002;197;;;1 359 000;6 898;;;;;;;;;;;;;;;;;;
6200002;141;;;1 359 000;9 638;;;;;;;;;;;;;;;;;;
6200002;142;;;1 369 000;9 641;;;;;;;;;;;;;;;;;;
6200002;173;;;1 379 000;7 971;;;;;;;;;;;;;;;;;;
6200003;101;;;649 000;6 426;;;;;;;;;;;;;;;;;;
6200003;94;;;659 000;7 011;;;;;;;;;;;;;;;;;;
6200003;96;;;669 000;6 969;;;;;;;;;;;;;;;;;;
6200003;96;;;669 000;6 969;;;;;;;;;;;;;;;;;;
6200003;101;;;679 000;6 723;;;;;;;;;;;;;;;;;;
6200003;94;;;689 000;7 330;;;;;;;;;;;;;;;;;;
6200003;106;;;689 000;6 500;;;;;;;;;;;;;;;;;;
6200003;115;;;697 000;6 061;;;;;;;;;;;;;;;;;;
6200003;116;;;697 000;6 009;;;;;;;;;;;;;;;;;;
6200003;99;;;697 000;7 040;;;;;;;;;;;;;;;;;;
6200003;99;;;709 000;7 162;;;;;;;;;;;;;;;;;;
6200003;106;;;709 000;6 689;;;;;;;;;;;;;;;;;;
6200003;100;;;729 000;7 290;;;;;;;;;;;;;;;;;;
6200003;111;;;729 000;6 568;;;;;;;;;;;;;;;;;;
6200003;125;;;749 000;5 992;;;;;;;;;;;;;;;;;;
6200003;111;;;759 000;6 838;;;;;;;;;;;;;;;;;;
6200003;108;;;759 000;7 028;;;;;;;;;;;;;;;;;;
6200003;103;;;769 000;7 466;;;;;;;;;;;;;;;;;;
6200003;103;;;779 000;7 563;;;;;;;;;;;;;;;;;;
6200003;109;;;779 000;7 147;;;;;;;;;;;;;;;;;;
6200003;104;;;779 000;7 490;;;;;;;;;;;;;;;;;;
6200003;103;;;779 000;7 563;;;;;;;;;;;;;;;;;;
6200003;104;;;779 000;7 490;;;;;;;;;;;;;;;;;;
6200003;119;;;789 000;6 630;;;;;;;;;;;;;;;;;;
6200003;103;;;789 000;7 660;;;;;;;;;;;;;;;;;;
6200003;104;;;789 000;7 587;;;;;;;;;;;;;;;;;;
6200003;119;;;797 000;6 697;;;;;;;;;;;;;;;;;;
6200003;104;;;797 000;7 663;;;;;;;;;;;;;;;;;;
6200003;140;;;797 000;5 693;;;;;;;;;;;;;;;;;;
6200003;112;;;797 000;7 116;;;;;;;;;;;;;;;;;;
6200003;108;;;797 000;7 380;;;;;;;;;;;;;;;;;;
6200003;112;;;809 000;7 223;;;;;;;;;;;;;;;;;;
6200003;114;;;829 000;7 272;;;;;;;;;;;;;;;;;;
6200003;114;;;829 000;7 272;;;;;;;;;;;;;;;;;;
6200003;114;;;839 000;7 360;;;;;;;;;;;;;;;;;;
6200003;114;;;839 000;7 360;;;;;;;;;;;;;;;;;;
6200003;117;;;839 000;7 171;;;;;;;;;;;;;;;;;;
6200003;114;;;839 000;7 360;;;;;;;;;;;;;;;;;;
6200003;138;;;839 000;6 080;;;;;;;;;;;;;;;;;;
6200003;114;;;849 000;7 447;;;;;;;;;;;;;;;;;;
6200003;120;;;849 000;7 075;;;;;;;;;;;;;;;;;;
6200003;121;;;859 000;7 099;;;;;;;;;;;;;;;;;;
6200003;117;;;859 000;7 342;;;;;;;;;;;;;;;;;;
6200003;117;;;869 000;7 427;;;;;;;;;;;;;;;;;;
6200003;155;;;879 000;5 671;;;;;;;;;;;;;;;;;;
6200003;117;;;879 000;7 513;;;;;;;;;;;;;;;;;;
6200003;163;;;889 000;5 454;;;;;;;;;;;;;;;;;;
6200003;120;;;889 000;7 408;;;;;;;;;;;;;;;;;;
6200003;125;;;909 000;7 272;;;;;;;;;;;;;;;;;;
6200003;125;;;919 000;7 352;;;;;;;;;;;;;;;;;;
6200003;126;;;919 000;7 294;;;;;;;;;;;;;;;;;;
6200003;125;;;929 000;7 432;;;;;;;;;;;;;;;;;;
6200003;224;;;997 000;4 451;;;;;;;;;;;;;;;;;;
6200003;184;;;1 009 000;5 484;;;;;;;;;;;;;;;;;;
6200003;148;;;1 009 000;6 818;;;;;;;;;;;;;;;;;;
6200003;198;;;1 009 000;5 096;;;;;;;;;;;;;;;;;;
6200003;218;;;1 009 000;4 628;;;;;;;;;;;;;;;;;;
6200003;150;;;1 019 000;6 793;;;;;;;;;;;;;;;;;;
6200003;188;;;1 049 000;5 580;;;;;;;;;;;;;;;;;;
6200003;208;;;1 049 000;5 043;;;;;;;;;;;;;;;;;;
6200003;205;;;1 079 000;5 263;;;;;;;;;;;;;;;;;;
6200003;153;;;1 079 000;7 052;;;;;;;;;;;;;;;;;;
6200003;153;;;1 079 000;7 052;;;;;;;;;;;;;;;;;;
6200003;155;;;1 089 000;7 026;;;;;;;;;;;;;;;;;;
6200003;154;;;1 089 000;7 071;;;;;;;;;;;;;;;;;;
6200003;231;;;1 097 000;4 749;;;;;;;;;;;;;;;;;;
6200003;225;;;1 097 000;4 876;;;;;;;;;;;;;;;;;;
6200003;223;;;1 109 000;4 973;;;;;;;;;;;;;;;;;;
6200003;208;;;1 109 000;5 332;;;;;;;;;;;;;;;;;;
6200003;123;;;1 149 000;9 341;;;;;;;;;;;;;;;;;;
6200003;235;;;1 149 000;4 889;;;;;;;;;;;;;;;;;;
6200003;276;;;1 249 000;4 525;;;;;;;;;;;;;;;;;;
6200003;356;;;1 389 000;3 902;;;;;;;;;;;;;;;;;;
6200003;353;;;1 397 000;3 958;;;;;;;;;;;;;;;;;;
6200003;353;;;1 409 000;3 992;;;;;;;;;;;;;;;;;;
3200003;156,2;3;2;1 950 000;12 484;;;;;;;;;;;;;;;;;;
3200003;155;3;2;1 925 000;12 419;;;;;;;;;;;;;;;;;;
3200003;155;4;2;1 950 000;12 581;;;;;;;;;;;;;;;;;;
3200003;155;5;2;1 975 000;12 742;;;;;;;;;;;;;;;;;;
3200003;155;7;2;2 025 000;13 065;;;;;;;;;;;;;;;;;;
3200003;155;8;2;2 050 000;13 226;;;;;;;;;;;;;;;;;;
3200003;156,2;10;2;2 100 000;13 444;;;;;;;;;;;;;;;;;;
3200003;156,2;11;2;2 150 000;13 764;;;;;;;;;;;;;;;;;;
3200003;155;11;2;2 125 000;13 710;;;;;;;;;;;;;;;;;;
3200003;155;12;2;2 150 000;13 871;;;;;;;;;;;;;;;;;;
3200003;155;13;2;2 175 000;14 032;;;;;;;;;;;;;;;;;;
3200003;155;14;2;2 225 000;14 355;;;;;;;;;;;;;;;;;;
3200003;158,6;15;2;2 250 000;14 187;;;;;;;;;;;;;;;;;;
3200003;155;15;2;2 225 000;14 355;;;;;;;;;;;;;;;;;;
3200003;155;16;2;2 250 000;14 516;;;;;;;;;;;;;;;;;;
3200003;155;17;2;2 275 000;14 677;;;;;;;;;;;;;;;;;;
3200003;158,6;18;2;2 300 000;14 502;;;;;;;;;;;;;;;;;;
3200003;149;20;2;2 350 000;15 772;;;;;;;;;;;;;;;;;;
3200003;287,1;22;3;5 325 000;18 548;;;;;;;;;;;;;;;;;;
12200024;484;;4;2 650 000;5 475;;;;;;;;;;;;;;;;;;
12200024;273;;3;1 950 000;7 143;;;;;;;;;;;;;;;;;;
12200024;144;;2;1 540 000;10 694;;;;;;;;;;;;;;;;;;
12200032;184;;3;1 080 000;5 870;;;;;;;;;;;;;;;;;;
12200032;120;;2;1 120 000;9 333;;;;;;;;;;;;;;;;;;
12200032;130;;3;850 000;6 538;;;;;;;;;;;;;;;;;;
12200032;167;;3;1 090 000;6 527;;;;;;;;;;;;;;;;;;
12200032;146;;3;930 000;6 370;;;;;;;;;;;;;;;;;;
12200032;148;;3;940 000;6 351;;;;;;;;;;;;;;;;;;
12200032;149;;3;940 000;6 309;;;;;;;;;;;;;;;;;;
12200032;285;;2;1 190 000;4 175;;;;;;;;;;;;;;;;;;
12200032;140;;2;820 000;5 857;;;;;;;;;;;;;;;;;;
12200032;324;;3;1 290 000;3 981;;;;;;;;;;;;;;;;;;
12200032;400;;3;1 390 000;3 475;;;;;;;;;;;;;;;;;;
12200031;174;;3;1 070 000;6 149;;;;;;;;;;;;;;;;;;
12200031;182;;3;1 170 000;6 429;;;;;;;;;;;;;;;;;;
12200031;186;;3;1 150 000;6 183;;;;;;;;;;;;;;;;;;
500007;140;;3;859 000;6 136;;;;;;;;;;;;;;;;;;
500007;120;;2;739 000;6 158;;;;;;;;;;;;;;;;;;
500007;127;;2;779 000;6 134;;;;;;;;;;;;;;;;;;
500007;122;;2;744 900;6 106;;;;;;;;;;;;;;;;;;
500007;118;;2;739 000;6 263;;;;;;;;;;;;;;;;;;
500007;127;;2;789 000;6 213;;;;;;;;;;;;;;;;;;
500007;126;;2;769 000;6 103;;;;;;;;;;;;;;;;;;
500007;118;;2;739 000;6 263;;;;;;;;;;;;;;;;;;
500018;129;;3;849 000;6 581;;;;;;;;;;;;;;;;;;
500018;170;;3;1 219 000;7 171;;;;;;;;;;;;;;;;;;
500018;188;;3;1 229 000;6 537;;;;;;;;;;;;;;;;;;
500018;153;;4;999 000;6 529;;;;;;;;;;;;;;;;;;
500018;145;;4;1 139 000;7 855;;;;;;;;;;;;;;;;;;
500018;155;;3;1 039 000;6 703;;;;;;;;;;;;;;;;;;
500018;128;;3;909 000;7 102;;;;;;;;;;;;;;;;;;
500018;179;;3;1 339 000;7 480;;;;;;;;;;;;;;;;;;
500018;136;;3;909 000;6 684;;;;;;;;;;;;;;;;;;
500018;173;;3;1 149 000;6 642;;;;;;;;;;;;;;;;;;
500018;162;;3;1 189 000;7 340;;;;;;;;;;;;;;;;;;
500018;128;;3;979 000;7 648;;;;;;;;;;;;;;;;;;
500018;146;;3;1 019 000;6 979;;;;;;;;;;;;;;;;;;
500018;133;;3;879 000;6 609;;;;;;;;;;;;;;;;;;
500018;148;;3;969 000;6 547;;;;;;;;;;;;;;;;;;
500018;148;;3;1 049 000;7 088;;;;;;;;;;;;;;;;;;
500018;146;;3;1 069 000;7 322;;;;;;;;;;;;;;;;;;
500018;161;;3;1 099 000;6 826;;;;;;;;;;;;;;;;;;
500018;160;;3;1 209 000;7 556;;;;;;;;;;;;;;;;;;
500018;167;;3;1 169 000;7 000;;;;;;;;;;;;;;;;;;
500018;161;;3;1 099 000;6 826;;;;;;;;;;;;;;;;;;
500018;160;;3;1 249 000;7 806;;;;;;;;;;;;;;;;;;
500018;134;;2;1 059 000;7 903;;;;;;;;;;;;;;;;;;
500018;146;;3;1 039 000;7 116;;;;;;;;;;;;;;;;;;
500018;155;;3;1 089 000;7 026;;;;;;;;;;;;;;;;;;
500018;148;;3;1 009 000;6 818;;;;;;;;;;;;;;;;;;
500018;133;;3;899 000;6 759;;;;;;;;;;;;;;;;;;
500018;161;;3;1 099 000;6 826;;;;;;;;;;;;;;;;;;
500018;167;;3;1 169 000;7 000;;;;;;;;;;;;;;;;;;
500018;160;;3;1 099 000;6 869;;;;;;;;;;;;;;;;;;
500018;161;;3;1 119 000;6 950;;;;;;;;;;;;;;;;;;
500018;134;;2;1 089 000;8 127;;;;;;;;;;;;;;;;;;
500018;160;;3;1 249 000;7 806;;;;;;;;;;;;;;;;;;
500018;133;;3;879 000;6 609;;;;;;;;;;;;;;;;;;
500018;148;;3;979 000;6 615;;;;;;;;;;;;;;;;;;
500018;155;;3;1 149 000;7 413;;;;;;;;;;;;;;;;;;
500018;146;;3;1 059 000;7 253;;;;;;;;;;;;;;;;;;
500018;161;;3;1 119 000;6 950;;;;;;;;;;;;;;;;;;
500018;160;;3;1 099 000;6 869;;;;;;;;;;;;;;;;;;
500018;167;;3;1 119 000;6 701;;;;;;;;;;;;;;;;;;
500018;161;;3;1 109 000;6 888;;;;;;;;;;;;;;;;;;
500018;160;;3;1 249 000;7 806;;;;;;;;;;;;;;;;;;
500018;134;;2;1 089 000;8 127;;;;;;;;;;;;;;;;;;
500011;162;;3;879 000;5 426;;;;;;;;;;;;;;;;;;
500011;174;;3;949 000;5 454;;;;;;;;;;;;;;;;;;
500011;174;;3;949 000;5 454;;;;;;;;;;;;;;;;;;
500011;161;;3;879 000;5 460;;;;;;;;;;;;;;;;;;
500009;113;;2;919 000;8 133;;;;;;;;;;;;;;;;;;
500009;136;;3;1 059 000;7 787;;;;;;;;;;;;;;;;;;
500009;123;;3;889 000;7 228;;;;;;;;;;;;;;;;;;
500009;147;;3;1 089 000;7 408;;;;;;;;;;;;;;;;;;
500009;107;;2;929 000;8 682;;;;;;;;;;;;;;;;;;
500009;123;;3;889 000;7 228;;;;;;;;;;;;;;;;;;
500009;136;;3;1 059 000;7 787;;;;;;;;;;;;;;;;;;
500009;136;;3;1 059 000;7 787;;;;;;;;;;;;;;;;;;
500009;107;;2;929 000;8 682;;;;;;;;;;;;;;;;;;
500009;107;;2;929 000;8 682;;;;;;;;;;;;;;;;;;
500009;136;;3;1 439 000;10 581;;;;;;;;;;;;;;;;;;
500009;136;;3;1 059 000;7 787;;;;;;;;;;;;;;;;;;
500009;147;;3;1 089 000;7 408;;;;;;;;;;;;;;;;;;
500009;147;;3;1 089 000;7 408;;;;;;;;;;;;;;;;;;
500009;107;;2;929 000;8 682;;;;;;;;;;;;;;;;;;
500009;107;;2;929 000;8 682;;;;;;;;;;;;;;;;;;
500009;100;;2;949 000;9 490;;;;;;;;;;;;;;;;;;
500009;100;;2;949 000;9 490;;;;;;;;;;;;;;;;;;
500009;123;;3;889 000;7 228;;;;;;;;;;;;;;;;;;
500009;136;;3;1 059 000;7 787;;;;;;;;;;;;;;;;;;
500009;136;;3;1 059 000;7 787;;;;;;;;;;;;;;;;;;
500009;147;;3;1 089 000;7 408;;;;;;;;;;;;;;;;;;
500009;147;;3;1 089 000;7 408;;;;;;;;;;;;;;;;;;
500009;107;;2;929 000;8 682;;;;;;;;;;;;;;;;;;
500009;107;;2;929 000;8 682;;;;;;;;;;;;;;;;;;
500009;100;;2;949 000;9 490;;;;;;;;;;;;;;;;;;
500009;100;;2;949 000;9 490;;;;;;;;;;;;;;;;;;
500006;136;;3;999 000;7 346;;;;;;;;;;;;;;;;;;
500006;142;;3;979 000;6 894;;;;;;;;;;;;;;;;;;
500006;142;;3;979 000;6 894;;;;;;;;;;;;;;;;;;
500006;107;;3;1 069 000;9 991;;;;;;;;;;;;;;;;;;
500006;107;;3;1 069 000;9 991;;;;;;;;;;;;;;;;;;
500006;142;;3;979 000;6 894;;;;;;;;;;;;;;;;;;
500006;122;;3;979 000;8 025;;;;;;;;;;;;;;;;;;
500006;157;;3;1 069 000;6 809;;;;;;;;;;;;;;;;;;
500006;142;;3;979 000;6 894;;;;;;;;;;;;;;;;;;
500006;106;;2;999 000;9 425;;;;;;;;;;;;;;;;;;
4500006;298;;;2 250 000;7 550;;;;;;;;;;;;;;;;;;
4500006;191;;;1 600 000;8 377;;;;;;;;;;;;;;;;;;
4500006;191;;;1 600 000;8 377;;;;;;;;;;;;;;;;;;
2100002;1215;;6;17 093 790;14 067;12.01.2026;;;;;;;;;;;;;;;;;
2100002;1445;;6;20 329 520;14 067;12.01.2026;;;;;;;;;;;;;;;;;
2100002;1905;;6;26 804 350;14 067;12.01.2026;;;;;;;;;;;;;;;;;
2100002;1406;;6;19 771 870;14 067;12.01.2026;;;;;;;;;;;;;;;;;
2100002;1310;;6;18 426 430;14 067;12.01.2026;;;;;;;;;;;;;;;;;
2100002;1519;;6;21 361 720;14 067;12.01.2026;;;;;;;;;;;;;;;;;
2100002;1234;;6;17 359 820;14 067;12.01.2026;;;;;;;;;;;;;;;;;
2100002;1359;;6;19 516 500;14 360;12.01.2026;;;;;;;;;;;;;;;;;
2100002;1341;;6;19 251 340;14 360;12.01.2026;;;;;;;;;;;;;;;;;
2100002;1231;;6;17 677 540;14 360;12.01.2026;;;;;;;;;;;;;;;;;
2100002;1212;;6;17 403 670;14 360;12.01.2026;;;;;;;;;;;;;;;;;
2100002;1197;;6;17 185 640;14 360;12.01.2026;;;;;;;;;;;;;;;;;
2100002;1249;;6;17 935 460;14 360;12.01.2026;;;;;;;;;;;;;;;;;
2100002;1232;;6;17 693 650;14 360;12.01.2026;;;;;;;;;;;;;;;;;
2100002;1057;;6;15 172 230;14 360;12.01.2026;;;;;;;;;;;;;;;;;
2100002;1199;;6;17 223 600;14 360;12.01.2026;;;;;;;;;;;;;;;;;
2100002;1254;;6;18 010 650;14 360;12.01.2026;;;;;;;;;;;;;;;;;
2100002;1299;;6;18 646 880;14 360;12.01.2026;;;;;;;;;;;;;;;;;
2100002;1290;;6;18 531 950;14 360;12.01.2026;;;;;;;;;;;;;;;;;
2100002;1240;;6;17 800 890;14 360;12.01.2026;;;;;;;;;;;;;;;;;
2100002;1348;;6;19 316 570;14 331;12.01.2026;;;;;;;;;;;;;;;;;
2100002;1425;;6;20 422 600;14 331;12.01.2026;;;;;;;;;;;;;;;;;
2100002;1374;;6;19 686 820;14 331;12.01.2026;;;;;;;;;;;;;;;;;
2100002;1338;;6;19 178 560;14 331;12.01.2026;;;;;;;;;;;;;;;;;
2100002;1960;;6;28 905 100;14 747;12.01.2026;;;;;;;;;;;;;;;;;
2100002;2034;;6;29 993 110;14 747;12.01.2026;;;;;;;;;;;;;;;;;
2100002;2031;;6;29 957 600;14 747;12.01.2026;;;;;;;;;;;;;;;;;
2100002;1923;;6;28 359 850;14 747;12.01.2026;;;;;;;;;;;;;;;;;
2100002;1915;;6;28 242 460;14 747;12.01.2026;;;;;;;;;;;;;;;;;
2100002;1988;;6;29 314 330;14 747;12.01.2026;;;;;;;;;;;;;;;;;
2100002;1814;;6;26 745 950;14 747;12.01.2026;;;;;;;;;;;;;;;;;
2100002;1711;;7;28 088 170;16 416;12.01.2026;;;;;;;;;;;;;;;;;
2100002;1767;;7;29 004 760;16 416;12.01.2026;;;;;;;;;;;;;;;;;
2100002;4612;;8;80 409 410;17 436;12.01.2026;;;;;;;;;;;;;;;;;
2100002;4668;;8;81 384 470;17 436;12.01.2026;;;;;;;;;;;;;;;;;
2100002;3878;;8;67 626 840;17 436;12.01.2026;;;;;;;;;;;;;;;;;
2100002;3521;;8;61 388 350;17 436;12.01.2026;;;;;;;;;;;;;;;;;
2100002;4065;;7;70 882 970;17 436;12.01.2026;;;;;;;;;;;;;;;;;
2100002;1228;;6;22 477 840;18 299;12.01.2026;;;;;;;;;;;;;;;;;
2100002;1207;;6;22 082 230;18 299;12.01.2026;;;;;;;;;;;;;;;;;
2100002;1114;;6;23 977 450;21 529;12.01.2026;;;;;;;;;;;;;;;;;
2100002;1364;;6;25 627 880;18 788;12.01.2026;;;;;;;;;;;;;;;;;
2100002;1287;;6;24 171 600;18 788;12.01.2026;;;;;;;;;;;;;;;;;
2100002;1150;;6;21 612 740;18 788;12.01.2026;;;;;;;;;;;;;;;;;
2100002;1217;;6;22 862 790;18 788;12.01.2026;;;;;;;;;;;;;;;;;
2100002;1207;;6;22 681 700;18 788;12.01.2026;;;;;;;;;;;;;;;;;
2100002;1413;;6;26 552 850;18 788;12.01.2026;;;;;;;;;;;;;;;;;
2100002;1153;;6;21 656 030;18 788;12.01.2026;;;;;;;;;;;;;;;;;
2100002;1202;;6;22 577 140;18 788;12.01.2026;;;;;;;;;;;;;;;;;
2100002;1259;;6;23 649 970;18 788;12.01.2026;;;;;;;;;;;;;;;;;
2100002;1611;;6;30 275 190;18 788;12.01.2026;;;;;;;;;;;;;;;;;
2100002;1464;;6;27 499 290;18 788;12.01.2026;;;;;;;;;;;;;;;;;
2100002;1115;;6;20 946 740;18 788;12.01.2026;;;;;;;;;;;;;;;;;
2100002;3406;;6;72 946 490;21 417;12.01.2026;;;;;;;;;;;;;;;;;
2100002;2151;;6;46 062 320;21 417;12.01.2026;;;;;;;;;;;;;;;;;
2100002;1907;;6;40 849 240;21 417;12.01.2026;;;;;;;;;;;;;;;;;
2100002;1878;;6;40 222 500;21 417;12.01.2026;;;;;;;;;;;;;;;;;
2100002;1892;;6;40 219 970;21 262;12.01.2026;;;;;;;;;;;;;;;;;
2100002;1976;;6;42 023 450;21 262;12.01.2026;;;;;;;;;;;;;;;;;
2100002;1949;;6;41 443 800;21 262;12.01.2026;;;;;;;;;;;;;;;;;
2100002;2108;;6;44 819 760;21 262;12.01.2026;;;;;;;;;;;;;;;;;
2100002;1967;;6;41 819 520;21 262;12.01.2026;;;;;;;;;;;;;;;;;
2100002;5649;;8;128 501 530;22 747;12.01.2026;;;;;;;;;;;;;;;;;
2100002;5555;;8;126 365 980;22 747;12.01.2026;;;;;;;;;;;;;;;;;
2100002;5188;;8;118 016 790;22 747;12.01.2026;;;;;;;;;;;;;;;;;
2100005;145;;3;4 371 400;30 157;20.12.2024;;;;;;;;;;;;;;;;;
2100005;145;;3;4 371 400;30 157;20.12.2024;;;;;;;;;;;;;;;;;
2100005;158;;2;3 520 400;22 287;20.12.2024;;;;;;;;;;;;;;;;;
2100005;145;;3;4 270 700;29 463;20.12.2024;;;;;;;;;;;;;;;;;
2100005;128;;2;3 700 900;28 937;20.12.2024;;;;;;;;;;;;;;;;;
2100005;128;;2;3 700 900;28 937;20.12.2024;;;;;;;;;;;;;;;;;
2100005;145;;3;4 270 700;29 463;20.12.2024;;;;;;;;;;;;;;;;;
2100005;109;;2;3 079 789;28 245;20.12.2024;;;;;;;;;;;;;;;;;
2100005;145;;3;4 522 400;31 199;20.12.2024;;;;;;;;;;;;;;;;;
2100005;145;;3;4 522 400;31 199;20.12.2024;;;;;;;;;;;;;;;;;
2100005;145;;3;4 572 700;31 546;20.12.2024;;;;;;;;;;;;;;;;;
2100005;128;;2;3 961 300;30 973;20.12.2024;;;;;;;;;;;;;;;;;
2100005;158;;2;3 662 600;23 187;20.12.2024;;;;;;;;;;;;;;;;;
2100005;126;;2;3 304 500;26 237;20.12.2024;;;;;;;;;;;;;;;;;
2100005;145;;3;4 572 700;31 546;20.12.2024;;;;;;;;;;;;;;;;;
2100005;180;;4;6 043 500;33 638;20.12.2024;;;;;;;;;;;;;;;;;
2100005;180;;4;6 043 500;33 638;20.12.2024;;;;;;;;;;;;;;;;;
2100005;158;;2;3 709 900;23 487;20.12.2024;;;;;;;;;;;;;;;;;
2100005;158;;2;3 757 300;23 787;20.12.2024;;;;;;;;;;;;;;;;;
2100005;145;;3;4 321 100;29 810;20.12.2024;;;;;;;;;;;;;;;;;
2100005;145;;3;4 321 100;29 810;20.12.2024;;;;;;;;;;;;;;;;;
2100005;145;;3;4 402 784;30 374;16.01.2025;;;;;;;;;;;;;;;;;
2100005;128;;2;3 815 361;29 832;16.01.2025;;;;;;;;;;;;;;;;;
2100005;108;;2;2 678 454;24 723;16.01.2025;;;;;;;;;;;;;;;;;
2100005;108;;2;2 678 454;24 723;16.01.2025;;;;;;;;;;;;;;;;;
2100005;108;;2;2 716 289;25 072;16.01.2025;;;;;;;;;;;;;;;;;
2100005;126;;2;3 362 680;26 699;16.01.2025;;;;;;;;;;;;;;;;;
2100005;108;;2;2 754 227;25 422;16.01.2025;;;;;;;;;;;;;;;;;
2100005;108;;2;2 754 227;25 422;16.01.2025;;;;;;;;;;;;;;;;;
2100005;108;;2;2 754 227;25 422;16.01.2025;;;;;;;;;;;;;;;;;
2100005;108;;2;2 754 227;25 422;16.01.2025;;;;;;;;;;;;;;;;;
2100005;180;;4;6 230 412;34 678;16.01.2025;;;;;;;;;;;;;;;;;
2100005;180;;4;6 230 412;34 678;16.01.2025;;;;;;;;;;;;;;;;;
2100005;108;;2;2 792 165;25 772;16.01.2025;;;;;;;;;;;;;;;;;
2100005;108;;2;2 792 165;25 772;16.01.2025;;;;;;;;;;;;;;;;;
2100005;108;;2;2 602 577;24 022;30.06.2025;;;;;;;;;;;;;;;;;
2100005;109;;2;3 079 789;28 245;30.06.2025;;;;;;;;;;;;;;;;;
2100005;109;;2;3 079 789;28 245;30.06.2025;;;;;;;;;;;;;;;;;
2100005;99;;2;3 176 222;32 152;30.06.2025;;;;;;;;;;;;;;;;;
2100005;128;;2;3 815 361;29 832;30.06.2025;;;;;;;;;;;;;;;;;
2100005;128;;2;3 815 361;29 832;30.06.2025;;;;;;;;;;;;;;;;;
2100005;128;;2;3 815 361;29 832;30.06.2025;;;;;;;;;;;;;;;;;
2100005;145;;3;4 402 784;30 374;30.06.2025;;;;;;;;;;;;;;;;;
2100005;145;;3;4 402 784;30 374;30.06.2025;;;;;;;;;;;;;;;;;
13300001;167;20;1;6 766 335;40 517;24.02.2025;;;;;;;;;;;;;;;;;
13300001;262;17;2;10 349 000;39 500;24.02.2025;;;;;;;;;;;;;;;;;
13300001;313;13;3;12 050 885;38 501;24.02.2025;;;;;;;;;;;;;;;;;
13300001;278;14;2;10 956 792;39 413;24.02.2025;;;;;;;;;;;;;;;;;
5800001;175;;2;3 775 800;21 519;19.09.2024;;;;;;;;;;;;;;;;;
5800001;318;;4;7 926 660;24 939;19.09.2024;;;;;;;;;;;;;;;;;
5800001;169;;2;3 654 840;21 643;19.09.2024;;;;;;;;;;;;;;;;;
5800001;218;;3;4 693 500;21 518;19.09.2024;;;;;;;;;;;;;;;;;
5800001;218;;3;4 945 500;22 673;19.09.2024;;;;;;;;;;;;;;;;;
5800001;169;;2;3 626 700;21 418;19.09.2024;;;;;;;;;;;;;;;;;
5800001;218;;3;4 991 700;22 885;19.09.2024;;;;;;;;;;;;;;;;;
5800001;218;;3;4 826 250;22 139;19.09.2024;;;;;;;;;;;;;;;;;
5800001;218;;3;4 590 112;21 056;19.09.2024;;;;;;;;;;;;;;;;;
5800001;141;;2;3 060 500;21 706;19.09.2024;;;;;;;;;;;;;;;;;
2100003;70;;1;2 300 000;32 857;21.04.2026;;;;;;;;;;;;;;;;;
2100003;80;;1;2 500 000;31 250;21.04.2026;;;;;;;;;;;;;;;;;
2100003;100;;2;2 900 000;29 000;21.04.2026;;;;;;;;;;;;;;;;;
2100003;120;;2;3 000 000;25 000;21.04.2026;;;;;;;;;;;;;;;;;
2100003;130;;3;3 500 000;26 923;21.04.2026;;;;;;;;;;;;;;;;;
2100003;150;;3;3 500 000;23 333;21.04.2026;;;;;;;;;;;;;;;;;
400003;76;1;1;1 175 000;15 461;22.04.2026;;;;;;;;;;;;;;;;;
400003;76;2;1;1 180 000;15 526;22.04.2026;;;;;;;;;;;;;;;;;
400003;93;;2;1 600 000;17 204;22.04.2026;;;;;;;;;;;;;;;;;
400003;125;;3;2 050 000;16 400;22.04.2026;;;;;;;;;;;;;;;;;
400003;103;;2;2 050 000;19 903;22.04.2026;;;;;;;;;;;;;;;;;
400003;103;1;2;1 750 000;16 990;22.04.2026;;;;;;;;;;;;;;;;;
400002;93;;2;1 300 000;13 978;22.04.2026;;;;;;;;;;;;;;;;;
2700007;259;20/21;Duplex;4 299 000;16 598;27.09.2024;;;;;;;;;;;;;;;;;
2700007;285;17/18;Duplex;4 259 000;14 944;27.09.2024;;;;;;;;;;;;;;;;;
2700007;331;20/21;Duplex;4 649 000;14 045;27.09.2024;;;;;;;;;;;;;;;;;
2700006;150;22;3;3 299 000;21 993;27.09.2024;;;;;;;;;;;;;;;;;
2700006;217;;Penthouse;5 999 000;27 645;09.10.2024;;;;;;;;;;;;;;;;;
2700006;150;23;3;3 999 000;26 660;09.10.2024;;;;;;;;;;;;;;;;;
2700008;;9;1;929 000;;08.12.2025;;;;;;;;;;;;;;;;;
2700008;;12;1;959 000;;08.12.2025;;;;;;;;;;;;;;;;;
300001;98;;1;2 250 000;22 959;08.12.2025;;;;;;;;;;;;;;;;;
300001;98;10;;2 500 000;25 510;08.12.2025;;;;;;;;;;;;;;;;;
400001;45;;1;1 360 000;30 222;28.04.2026;;;;;;;;;;;;;;;;;
400001;70;;2;1 632 881;23 327;28.04.2026;;;;;;;;;;;;;;;;;
400001;124;;3;2 720 000;21 935;28.04.2026;;;;;;;;;;;;;;;;;
400001;206;;4 (Penthouse);3 350 000;16 262;28.04.2026;;;;;;;;;;;;;;;;;
400001;259;;4 (Floor);3 210 000;12 394;28.04.2026;;;;;;;;;;;;;;;;;
3900002;127;1;;1 835 000;14 449;02.05.2026;;;;;;;;;;;;;;;;;
3900002;145;1;;1 870 000;12 897;02.05.2026;;;;;;;;;;;;;;;;;
3900002;163;1;;1 905 000;11 687;02.05.2026;;;;;;;;;;;;;;;;;
3900002;181;1;;1 940 000;10 718;02.05.2026;;;;;;;;;;;;;;;;;
3900002;110;2;;1 975 000;17 955;02.05.2026;;;;;;;;;;;;;;;;;
3900002;128;2;;2 010 000;15 703;02.05.2026;;;;;;;;;;;;;;;;;
3900002;146;2;;2 045 000;14 007;02.05.2026;;;;;;;;;;;;;;;;;
3900002;164;2;;2 080 000;12 683;02.05.2026;;;;;;;;;;;;;;;;;
3900002;182;2;;2 115 000;11 621;02.05.2026;;;;;;;;;;;;;;;;;
3900002;111;3;;2 150 000;19 369;02.05.2026;;;;;;;;;;;;;;;;;
3900002;147;3;;2 220 000;15 102;02.05.2026;;;;;;;;;;;;;;;;;
3900002;165;3;;2 255 000;13 667;02.05.2026;;;;;;;;;;;;;;;;;
3900002;183;3;;2 290 000;12 514;02.05.2026;;;;;;;;;;;;;;;;;
3900002;112;4;;2 325 000;20 759;02.05.2026;;;;;;;;;;;;;;;;;
3900002;130;4;;2 360 000;18 154;02.05.2026;;;;;;;;;;;;;;;;;
3900002;148;4;;2 395 000;16 182;02.05.2026;;;;;;;;;;;;;;;;;
3900002;166;4;;2 430 000;14 639;02.05.2026;;;;;;;;;;;;;;;;;
3900002;184;4;;2 465 000;13 397;02.05.2026;;;;;;;;;;;;;;;;;
3900002;113;5;;2 500 000;22 124;02.05.2026;;;;;;;;;;;;;;;;;
3900002;131;5;;2 535 000;19 351;02.05.2026;;;;;;;;;;;;;;;;;
6700001;234;0;3;960 000;4 103;04.05.2026;;;;;;;;;;;;;;;;;
6700001;234;0;3;1 200 000;5 128;04.05.2026;;;;;;;;;;;;;;;;;
6700001;219;1;3;820 000;3 744;04.05.2026;;;;;;;;;;;;;;;;;
6700001;219;1;3;1 000 000;4 566;04.05.2026;;;;;;;;;;;;;;;;;
6700001;105;2;2;520 000;4 952;04.05.2026;;;;;;;;;;;;;;;;;
6700001;105;2;2;660 000;6 286;04.05.2026;;;;;;;;;;;;;;;;;
2200001;269;;3;3 545 773;13 181;05.05.2026;;;;;;;;;;;;;;;;;
2200001;269;;3;3 602 963;13 394;05.05.2026;;;;;;;;;;;;;;;;;
2200001;280;;3;3 680 833;13 146;05.05.2026;;;;;;;;;;;;;;;;;
2200001;280;;3;3 759 990;13 429;05.05.2026;;;;;;;;;;;;;;;;;
2200001;316;;3;3 822 581;12 097;05.05.2026;;;;;;;;;;;;;;;;;
2200001;316;;3;3 919 879;12 405;05.05.2026;;;;;;;;;;;;;;;;;
2200001;362;;3;4 108 366;11 349;05.05.2026;;;;;;;;;;;;;;;;;
2200001;366;;3;4 108 366;11 225;05.05.2026;;;;;;;;;;;;;;;;;
2200001;366;;3;4 119 838;11 256;05.05.2026;;;;;;;;;;;;;;;;;
2200001;362;;3;4 119 838;11 381;05.05.2026;;;;;;;;;;;;;;;;;
2200001;327;;3;4 181 926;12 789;05.05.2026;;;;;;;;;;;;;;;;;
2200001;323;;3;4 205 516;13 020;05.05.2026;;;;;;;;;;;;;;;;;
2200001;211;;3;2 649 806;12 558;05.05.2026;;;;;;;;;;;;;;;;;
2200001;215;;3;2 761 081;12 842;05.05.2026;;;;;;;;;;;;;;;;;
2200001;215;;3;2 776 462;12 914;05.05.2026;;;;;;;;;;;;;;;;;
2200001;214;;3;2 794 505;13 058;05.05.2026;;;;;;;;;;;;;;;;;
2200001;214;;3;2 796 829;13 069;05.05.2026;;;;;;;;;;;;;;;;;
2200001;141;;3;2 422 806;17 183;05.05.2026;;;;;;;;;;;;;;;;;
2200001;141;;3;2 426 108;17 206;05.05.2026;;;;;;;;;;;;;;;;;
2200001;155;;3;2 500 621;16 133;05.05.2026;;;;;;;;;;;;;;;;;
2200001;156;;3;2 554 260;16 373;05.05.2026;;;;;;;;;;;;;;;;;
2200001;156;;3;2 673 293;17 136;05.05.2026;;;;;;;;;;;;;;;;;
2200001;154;;3;2 695 694;17 505;05.05.2026;;;;;;;;;;;;;;;;;
2200001;106;;2;1 878 589;17 723;05.05.2026;;;;;;;;;;;;;;;;;
2200001;115;;2;2 030 561;17 657;05.05.2026;;;;;;;;;;;;;;;;;
2200001;114;;2;2 033 096;17 834;05.05.2026;;;;;;;;;;;;;;;;;
2200001;115;;2;2 049 021;17 818;05.05.2026;;;;;;;;;;;;;;;;;
2200001;115;;2;2 051 578;17 840;05.05.2026;;;;;;;;;;;;;;;;;
2200001;122;;2;2 148 157;17 608;05.05.2026;;;;;;;;;;;;;;;;;
2200001;122;;2;2 149 509;17 619;05.05.2026;;;;;;;;;;;;;;;;;
2200001;122;;2;2 167 686;17 768;05.05.2026;;;;;;;;;;;;;;;;;
2200001;122;;2;2 169 050;17 779;05.05.2026;;;;;;;;;;;;;;;;;
2200001;122;;2;2 215 944;18 163;05.05.2026;;;;;;;;;;;;;;;;;
2200001;122;;2;2 216 976;18 172;05.05.2026;;;;;;;;;;;;;;;;;
2200001;125;;2;2 281 316;18 251;05.05.2026;;;;;;;;;;;;;;;;;
2200001;156;;3;2 700 657;17 312;05.05.2026;;;;;;;;;;;;;;;;;
2200001;156;;3;2 660 859;17 057;05.05.2026;;;;;;;;;;;;;;;;;
2200001;125;;2;2 203 069;17 625;05.05.2026;;;;;;;;;;;;;;;;;
2200001;124;;2;2 210 439;17 826;05.05.2026;;;;;;;;;;;;;;;;;
2200001;124;;2;2 220 369;17 906;05.05.2026;;;;;;;;;;;;;;;;;
2200001;124;;2;2 222 756;17 925;05.05.2026;;;;;;;;;;;;;;;;;
2200001;179;;2;2 403 863;13 429;05.05.2026;;;;;;;;;;;;;;;;;
2200001;179;;2;2 404 166;13 431;05.05.2026;;;;;;;;;;;;;;;;;
2200001;210;;2;2 834 058;13 496;05.05.2026;;;;;;;;;;;;;;;;;
2200001;142;;2;1 933 552;13 617;05.05.2026;;;;;;;;;;;;;;;;;
2200001;156;;2;2 072 492;13 285;05.05.2026;;;;;;;;;;;;;;;;;
2200001;156;;2;2 072 492;13 285;05.05.2026;;;;;;;;;;;;;;;;;
2200001;161;;2;2 202 106;13 678;05.05.2026;;;;;;;;;;;;;;;;;
2200001;174;;2;2 290 695;13 165;05.05.2026;;;;;;;;;;;;;;;;;
2200001;174;;2;2 290 695;13 165;05.05.2026;;;;;;;;;;;;;;;;;
2200001;165;;2;2 365 411;14 336;05.05.2026;;;;;;;;;;;;;;;;;
2200001;142;;2;2 365 411;16 658;05.05.2026;;;;;;;;;;;;;;;;;
2200001;180;;2;2 380 015;13 222;05.05.2026;;;;;;;;;;;;;;;;;
2200001;180;;2;2 380 923;13 227;05.05.2026;;;;;;;;;;;;;;;;;
9800001;33;1;;600 000;18 182;06.05.2026;;;;;;;;;;;;;;;;;
9800001;33;2;;600 000;18 182;06.05.2026;;;;;;;;;;;;;;;;;
9800001;33;3;;600 000;18 182;06.05.2026;;;;;;;;;;;;;;;;;
9800001;33;4;;600 000;18 182;06.05.2026;;;;;;;;;;;;;;;;;
9800001;35;1;;640 000;18 286;06.05.2026;;;;;;;;;;;;;;;;;
9800001;35;2;;640 000;18 286;06.05.2026;;;;;;;;;;;;;;;;;
9800001;35;3;;640 000;18 286;06.05.2026;;;;;;;;;;;;;;;;;
9800001;36;4;;650 000;18 056;06.05.2026;;;;;;;;;;;;;;;;;
9800001;36;2;;650 000;18 056;06.05.2026;;;;;;;;;;;;;;;;;
9800001;48;1;;820 000;17 083;06.05.2026;;;;;;;;;;;;;;;;;
9800001;48;2;;820 000;17 083;06.05.2026;;;;;;;;;;;;;;;;;
9800001;48;3;;820 000;17 083;06.05.2026;;;;;;;;;;;;;;;;;
9800001;48;4;;820 000;17 083;06.05.2026;;;;;;;;;;;;;;;;;
9800001;51;1;;850 000;16 667;06.05.2026;;;;;;;;;;;;;;;;;
9800001;51;2;;850 000;16 667;06.05.2026;;;;;;;;;;;;;;;;;
9800001;51;3;;850 000;16 667;06.05.2026;;;;;;;;;;;;;;;;;
9800001;51;4;;850 000;16 667;06.05.2026;;;;;;;;;;;;;;;;;
9800001;41;1;;750 000;18 293;06.05.2026;;;;;;;;;;;;;;;;;
9800001;41;2;;750 000;18 293;06.05.2026;;;;;;;;;;;;;;;;;
9800001;41;3;;750 000;18 293;06.05.2026;;;;;;;;;;;;;;;;;
9800001;41;4;;750 000;18 293;06.05.2026;;;;;;;;;;;;;;;;;
9800001;51;1;;850 000;16 667;06.05.2026;;;;;;;;;;;;;;;;;
9800001;51;2;;850 000;16 667;06.05.2026;;;;;;;;;;;;;;;;;
9800001;51;3;;850 000;16 667;06.05.2026;;;;;;;;;;;;;;;;;
9800001;51;4;;850 000;16 667;06.05.2026;;;;;;;;;;;;;;;;;
9800001;51;1;;850 000;16 667;06.05.2026;;;;;;;;;;;;;;;;;
9800001;51;2;;850 000;16 667;06.05.2026;;;;;;;;;;;;;;;;;
9800001;51;3;;850 000;16 667;06.05.2026;;;;;;;;;;;;;;;;;
9800001;51;4;;850 000;16 667;06.05.2026;;;;;;;;;;;;;;;;;
9800001;60;1;;990 000;16 500;06.05.2026;;;;;;;;;;;;;;;;;
9800001;60;2;;990 000;16 500;06.05.2026;;;;;;;;;;;;;;;;;
9800001;60;3;;990 000;16 500;06.05.2026;;;;;;;;;;;;;;;;;
9800001;60;4;;990 000;16 500;06.05.2026;;;;;;;;;;;;;;;;;
1100002;195;;3;1 119 000;5 738;06.05.2026;;;;;;;;;;;;;;;;;
1100002;189;;3;1 087 011;5 751;06.05.2026;;;;;;;;;;;;;;;;;
1100002;163;;2;1 029 800;6 318;06.05.2026;;;;;;;;;;;;;;;;;
1100002;170;;3;1 116 000;6 565;06.05.2026;;;;;;;;;;;;;;;;;
1100002;137;;3;1 037 000;7 569;06.05.2026;;;;;;;;;;;;;;;;;
1100002;140;;3;1 058 000;7 557;06.05.2026;;;;;;;;;;;;;;;;;
1100002;283;;3;1 285 000;4 541;06.05.2026;;;;;;;;;;;;;;;;;
1100002;270;;3;1 239 000;4 589;06.05.2026;;;;;;;;;;;;;;;;;
1100002;140;;2;936 000;6 686;06.05.2026;;;;;;;;;;;;;;;;;
1100002;144;;2;966 000;6 708;06.05.2026;;;;;;;;;;;;;;;;;
1100002;137;;3;1 037 000;7 569;06.05.2026;;;;;;;;;;;;;;;;;
1100002;160;;3;1 139 000;7 119;06.05.2026;;;;;;;;;;;;;;;;;
1100002;142;;3;1 129 000;7 951;06.05.2026;;;;;;;;;;;;;;;;;
1100002;137;;3;1 038 000;7 577;06.05.2026;;;;;;;;;;;;;;;;;
1100002;160;;3;1 159 000;7 244;06.05.2026;;;;;;;;;;;;;;;;;
1100002;144;;2;1 104 000;7 667;06.05.2026;;;;;;;;;;;;;;;;;
1100002;121;;2;912 000;7 537;06.05.2026;;;;;;;;;;;;;;;;;
1100002;160;;3;1 251 000;7 819;06.05.2026;;;;;;;;;;;;;;;;;
1100002;155;;3;1 213 000;7 826;06.05.2026;;;;;;;;;;;;;;;;;
1100002;137;;3;1 010 000;7 372;06.05.2026;;;;;;;;;;;;;;;;;
1100002;142;;3;1 073 000;7 556;06.05.2026;;;;;;;;;;;;;;;;;
1100003;146;;3;1 521 591;10 422;06.05.2026;;;;;;;;;;;;;;;;;
1100003;141;;3;1 471 659;10 437;06.05.2026;;;;;;;;;;;;;;;;;
1100003;156;;3;1 521 879;9 756;06.05.2026;;;;;;;;;;;;;;;;;
1100003;212;;3;1 513 445;7 139;06.05.2026;;;;;;;;;;;;;;;;;
1100003;121;;3;1 235 999;10 215;06.05.2026;;;;;;;;;;;;;;;;;
1100003;177;;3;1 803 533;10 189;06.05.2026;;;;;;;;;;;;;;;;;
1100003;163;;3;1 661 456;10 193;06.05.2026;;;;;;;;;;;;;;;;;
1100003;177;;3;1 803 820;10 191;06.05.2026;;;;;;;;;;;;;;;;;
1100003;163;;3;1 661 744;10 195;06.05.2026;;;;;;;;;;;;;;;;;
1100003;141;;3;1 471 659;10 437;06.05.2026;;;;;;;;;;;;;;;;;
1100003;141;;3;1 471 946;10 439;06.05.2026;;;;;;;;;;;;;;;;;
1100003;146;;3;1 521 879;10 424;06.05.2026;;;;;;;;;;;;;;;;;
1100003;166;;3;1 281 000;7 717;06.05.2026;;;;;;;;;;;;;;;;;
1100003;146;;3;1 521 591;10 422;06.05.2026;;;;;;;;;;;;;;;;;
1100003;141;;3;1 473 125;10 448;06.05.2026;;;;;;;;;;;;;;;;;
1100003;131;;3;1 330 000;10 153;06.05.2026;;;;;;;;;;;;;;;;;
1100003;146;;3;1 521 879;10 424;06.05.2026;;;;;;;;;;;;;;;;;
1100003;141;;3;1 473 413;10 450;06.05.2026;;;;;;;;;;;;;;;;;
1100003;212;;3;1 432 000;6 755;06.05.2026;;;;;;;;;;;;;;;;;
1100003;121;;3;1 202 000;9 934;06.05.2026;;;;;;;;;;;;;;;;;
1100003;140;;3;1 435 269;10 252;06.05.2026;;;;;;;;;;;;;;;;;
